# Blender 4.0.2
# www.blender.org
mtllib S_regular.mtl
o Text
v -0.015385 0.600000 1.403846
v -0.071087 0.600000 1.402818
v -0.125374 0.600000 1.399733
v -0.178245 0.600000 1.394591
v -0.229701 0.600000 1.387393
v -0.279741 0.600000 1.378138
v -0.328365 0.600000 1.366827
v -0.375574 0.600000 1.353459
v -0.421367 0.600000 1.338034
v -0.465745 0.600000 1.320553
v -0.508707 0.600000 1.301015
v -0.550254 0.600000 1.279420
v -0.590385 0.600000 1.255769
v -0.629073 0.600000 1.230462
v -0.666293 0.600000 1.203900
v -0.702043 0.600000 1.176082
v -0.736325 0.600000 1.147008
v -0.769137 0.600000 1.116680
v -0.800481 0.600000 1.085096
v -0.830355 0.600000 1.052257
v -0.858761 0.600000 1.018162
v -0.885697 0.600000 0.982812
v -0.911164 0.600000 0.946207
v -0.935163 0.600000 0.908347
v -0.957692 0.600000 0.869231
v -0.738461 0.600000 0.684615
v -0.715799 0.600000 0.722262
v -0.692682 0.600000 0.758280
v -0.669110 0.600000 0.792668
v -0.645085 0.600000 0.825427
v -0.620606 0.600000 0.856557
v -0.595673 0.600000 0.886058
v -0.570286 0.600000 0.913929
v -0.544444 0.600000 0.940171
v -0.518149 0.600000 0.964784
v -0.491399 0.600000 0.987767
v -0.464196 0.600000 1.009121
v -0.436538 0.600000 1.028846
v -0.407839 0.600000 1.046968
v -0.377511 0.600000 1.063515
v -0.345553 0.600000 1.078485
v -0.311966 0.600000 1.091880
v -0.276749 0.600000 1.103699
v -0.239904 0.600000 1.113942
v -0.201429 0.600000 1.122609
v -0.161325 0.600000 1.129701
v -0.119591 0.600000 1.135216
v -0.076229 0.600000 1.139156
v -0.031237 0.600000 1.141520
v 0.015385 0.600000 1.142308
v 0.063809 0.600000 1.141373
v 0.110363 0.600000 1.138568
v 0.155048 0.600000 1.133894
v 0.197863 0.600000 1.127350
v 0.238809 0.600000 1.118937
v 0.277885 0.600000 1.108654
v 0.315091 0.600000 1.096501
v 0.350427 0.600000 1.082479
v 0.383894 0.600000 1.066586
v 0.415492 0.600000 1.048825
v 0.445219 0.600000 1.029193
v 0.473077 0.600000 1.007692
v 0.498878 0.600000 0.984455
v 0.522436 0.600000 0.959615
v 0.543750 0.600000 0.933173
v 0.562821 0.600000 0.905128
v 0.579647 0.600000 0.875481
v 0.594231 0.600000 0.844231
v 0.606570 0.600000 0.811378
v 0.616667 0.600000 0.776923
v 0.624519 0.600000 0.740865
v 0.630128 0.600000 0.703205
v 0.633494 0.600000 0.663942
v 0.634615 0.600000 0.623077
v 0.633373 0.600000 0.587874
v 0.629647 0.600000 0.554060
v 0.623437 0.600000 0.521635
v 0.614743 0.600000 0.490598
v 0.603566 0.600000 0.460951
v 0.589904 0.600000 0.432692
v 0.573758 0.600000 0.405823
v 0.555128 0.600000 0.380342
v 0.534014 0.600000 0.356250
v 0.510417 0.600000 0.333547
v 0.484335 0.600000 0.312233
v 0.455769 0.600000 0.292308
v 0.424853 0.600000 0.273291
v 0.391720 0.600000 0.254701
v 0.356370 0.600000 0.236538
v 0.318803 0.600000 0.218803
v 0.279020 0.600000 0.201496
v 0.237019 0.600000 0.184615
v 0.192802 0.600000 0.168162
v 0.146368 0.600000 0.152137
v 0.097716 0.600000 0.136538
v 0.046848 0.600000 0.121367
v -0.006237 0.600000 0.106624
v -0.061538 0.600000 0.092308
v -0.120139 0.600000 0.077043
v -0.176709 0.600000 0.060737
v -0.231250 0.600000 0.043389
v -0.283761 0.600000 0.025000
v -0.334241 0.600000 0.005569
v -0.382692 0.600000 -0.014904
v -0.429113 0.600000 -0.036418
v -0.473504 0.600000 -0.058974
v -0.515865 0.600000 -0.082572
v -0.556197 0.600000 -0.107212
v -0.594498 0.600000 -0.132893
v -0.630769 0.600000 -0.159615
v -0.664557 0.600000 -0.188048
v -0.695406 0.600000 -0.218857
v -0.723317 0.600000 -0.252043
v -0.748291 0.600000 -0.287607
v -0.770326 0.600000 -0.325548
v -0.789423 0.600000 -0.365866
v -0.805582 0.600000 -0.408561
v -0.818803 0.600000 -0.453633
v -0.829086 0.600000 -0.501082
v -0.836432 0.600000 -0.550908
v -0.840839 0.600000 -0.603112
v -0.842308 0.600000 -0.657692
v -0.841506 0.600000 -0.693203
v -0.839103 0.600000 -0.727938
v -0.835096 0.600000 -0.761899
v -0.829487 0.600000 -0.795086
v -0.822276 0.600000 -0.827497
v -0.813462 0.600000 -0.859135
v -0.803045 0.600000 -0.889997
v -0.791026 0.600000 -0.920086
v -0.777404 0.600000 -0.949399
v -0.762179 0.600000 -0.977938
v -0.745353 0.600000 -1.005703
v -0.726923 0.600000 -1.032692
v -0.707158 0.600000 -1.058761
v -0.686325 0.600000 -1.083761
v -0.664423 0.600000 -1.107692
v -0.641453 0.600000 -1.130556
v -0.617415 0.600000 -1.152350
v -0.592308 0.600000 -1.173077
v -0.566132 0.600000 -1.192735
v -0.538889 0.600000 -1.211325
v -0.510577 0.600000 -1.228846
v -0.481197 0.600000 -1.245299
v -0.450748 0.600000 -1.260684
v -0.419231 0.600000 -1.275000
v -0.386939 0.600000 -1.288208
v -0.354167 0.600000 -1.300267
v -0.320913 0.600000 -1.311178
v -0.287180 0.600000 -1.320940
v -0.252965 0.600000 -1.329554
v -0.218269 0.600000 -1.337019
v -0.183093 0.600000 -1.343336
v -0.147436 0.600000 -1.348504
v -0.111298 0.600000 -1.352524
v -0.074679 0.600000 -1.355395
v -0.037580 0.600000 -1.357118
v 0.000000 0.600000 -1.357692
v 0.047663 0.600000 -1.356784
v 0.094498 0.600000 -1.354060
v 0.140505 0.600000 -1.349519
v 0.185684 0.600000 -1.343163
v 0.230035 0.600000 -1.334989
v 0.273558 0.600000 -1.325000
v 0.316253 0.600000 -1.313195
v 0.358120 0.600000 -1.299573
v 0.399159 0.600000 -1.284135
v 0.439370 0.600000 -1.266880
v 0.478753 0.600000 -1.247810
v 0.517308 0.600000 -1.226923
v 0.554821 0.600000 -1.204434
v 0.591079 0.600000 -1.180556
v 0.626082 0.600000 -1.155289
v 0.659829 0.600000 -1.128633
v 0.692321 0.600000 -1.100588
v 0.723558 0.600000 -1.071154
v 0.753539 0.600000 -1.040331
v 0.782265 0.600000 -1.008120
v 0.809736 0.600000 -0.974519
v 0.835951 0.600000 -0.939530
v 0.860911 0.600000 -0.903152
v 0.884615 0.600000 -0.865385
v 0.684615 0.600000 -0.696154
v 0.659014 0.600000 -0.731197
v 0.633494 0.600000 -0.764530
v 0.608053 0.600000 -0.796154
v 0.582692 0.600000 -0.826068
v 0.557412 0.600000 -0.854273
v 0.532212 0.600000 -0.880769
v 0.507091 0.600000 -0.905555
v 0.482051 0.600000 -0.928632
v 0.457091 0.600000 -0.950000
v 0.432212 0.600000 -0.969658
v 0.407412 0.600000 -0.987607
v 0.382692 0.600000 -1.003846
v 0.357412 0.600000 -1.018590
v 0.330929 0.600000 -1.032051
v 0.303245 0.600000 -1.044231
v 0.274359 0.600000 -1.055128
v 0.244271 0.600000 -1.064744
v 0.212981 0.600000 -1.073077
v 0.180489 0.600000 -1.080128
v 0.146795 0.600000 -1.085897
v 0.111899 0.600000 -1.090385
v 0.075801 0.600000 -1.093590
v 0.038502 0.600000 -1.095513
v 0.000000 0.600000 -1.096154
v -0.041052 0.600000 -1.095379
v -0.080876 0.600000 -1.093056
v -0.119471 0.600000 -1.089183
v -0.156838 0.600000 -1.083761
v -0.192975 0.600000 -1.076790
v -0.227885 0.600000 -1.068269
v -0.261565 0.600000 -1.058200
v -0.294017 0.600000 -1.046581
v -0.325240 0.600000 -1.033414
v -0.355235 0.600000 -1.018697
v -0.384001 0.600000 -1.002431
v -0.411538 0.600000 -0.984616
v -0.437340 0.600000 -0.965305
v -0.460897 0.600000 -0.944551
v -0.482212 0.600000 -0.922356
v -0.501282 0.600000 -0.898718
v -0.518109 0.600000 -0.873638
v -0.532692 0.600000 -0.847116
v -0.545032 0.600000 -0.819151
v -0.555128 0.600000 -0.789744
v -0.562981 0.600000 -0.758894
v -0.568590 0.600000 -0.726603
v -0.571955 0.600000 -0.692869
v -0.573077 0.600000 -0.657692
v -0.572529 0.600000 -0.633093
v -0.570887 0.600000 -0.609295
v -0.568149 0.600000 -0.586298
v -0.564316 0.600000 -0.564103
v -0.559388 0.600000 -0.542709
v -0.553365 0.600000 -0.522116
v -0.546247 0.600000 -0.502324
v -0.538034 0.600000 -0.483334
v -0.528726 0.600000 -0.465144
v -0.518323 0.600000 -0.447757
v -0.506824 0.600000 -0.431170
v -0.494231 0.600000 -0.415385
v -0.480689 0.600000 -0.400240
v -0.466346 0.600000 -0.385577
v -0.451202 0.600000 -0.371394
v -0.435256 0.600000 -0.357692
v -0.418510 0.600000 -0.344471
v -0.400962 0.600000 -0.331731
v -0.382612 0.600000 -0.319471
v -0.363462 0.600000 -0.307692
v -0.343510 0.600000 -0.296394
v -0.322756 0.600000 -0.285577
v -0.301202 0.600000 -0.275240
v -0.278846 0.600000 -0.265385
v -0.255462 0.600000 -0.255769
v -0.230823 0.600000 -0.246154
v -0.204928 0.600000 -0.236539
v -0.177778 0.600000 -0.226923
v -0.149372 0.600000 -0.217308
v -0.119712 0.600000 -0.207692
v -0.088795 0.600000 -0.198077
v -0.056624 0.600000 -0.188462
v -0.023197 0.600000 -0.178846
v 0.011485 0.600000 -0.169231
v 0.047423 0.600000 -0.159615
v 0.084615 0.600000 -0.150000
v 0.148785 0.600000 -0.132879
v 0.210524 0.600000 -0.114851
v 0.269832 0.600000 -0.095914
v 0.326709 0.600000 -0.076068
v 0.381157 0.600000 -0.055315
v 0.433173 0.600000 -0.033654
v 0.482759 0.600000 -0.011085
v 0.529914 0.600000 0.012393
v 0.574639 0.600000 0.036779
v 0.616934 0.600000 0.062073
v 0.656797 0.600000 0.088274
v 0.694231 0.600000 0.115385
v 0.728940 0.600000 0.144124
v 0.760630 0.600000 0.175214
v 0.789303 0.600000 0.208654
v 0.814957 0.600000 0.244444
v 0.837593 0.600000 0.282585
v 0.857212 0.600000 0.323077
v 0.873811 0.600000 0.365919
v 0.887393 0.600000 0.411111
v 0.897957 0.600000 0.458654
v 0.905502 0.600000 0.508547
v 0.910029 0.600000 0.560791
v 0.911538 0.600000 0.615385
v 0.909829 0.600000 0.674613
v 0.904701 0.600000 0.731784
v 0.896154 0.600000 0.786899
v 0.884188 0.600000 0.839957
v 0.868803 0.600000 0.890959
v 0.850000 0.600000 0.939904
v 0.827778 0.600000 0.986792
v 0.802137 0.600000 1.031624
v 0.773077 0.600000 1.074399
v 0.740598 0.600000 1.115118
v 0.704701 0.600000 1.153780
v 0.665385 0.600000 1.190385
v 0.623050 0.600000 1.224479
v 0.578098 0.600000 1.255609
v 0.530529 0.600000 1.283774
v 0.480342 0.600000 1.308974
v 0.427537 0.600000 1.331210
v 0.372115 0.600000 1.350481
v 0.314076 0.600000 1.366787
v 0.253419 0.600000 1.380128
v 0.190144 0.600000 1.390505
v 0.124252 0.600000 1.397917
v 0.055743 0.600000 1.402364
v -0.015385 0.000000 1.403846
v -0.071087 0.000000 1.402818
v -0.125374 0.000000 1.399733
v -0.178245 0.000000 1.394591
v -0.229701 0.000000 1.387393
v -0.279741 0.000000 1.378138
v -0.328365 0.000000 1.366827
v -0.375574 0.000000 1.353459
v -0.421367 0.000000 1.338034
v -0.465745 0.000000 1.320553
v -0.508707 0.000000 1.301015
v -0.550254 0.000000 1.279420
v -0.590385 0.000000 1.255769
v -0.629073 0.000000 1.230462
v -0.666293 0.000000 1.203900
v -0.702043 0.000000 1.176082
v -0.736325 0.000000 1.147008
v -0.769137 0.000000 1.116680
v -0.800481 0.000000 1.085096
v -0.830355 0.000000 1.052257
v -0.858761 0.000000 1.018162
v -0.885697 0.000000 0.982812
v -0.911164 0.000000 0.946207
v -0.935163 0.000000 0.908347
v -0.957692 0.000000 0.869231
v -0.738461 0.000000 0.684615
v -0.715799 0.000000 0.722262
v -0.692682 0.000000 0.758280
v -0.669110 0.000000 0.792668
v -0.645085 0.000000 0.825427
v -0.620606 0.000000 0.856557
v -0.595673 0.000000 0.886058
v -0.570286 0.000000 0.913929
v -0.544444 0.000000 0.940171
v -0.518149 0.000000 0.964784
v -0.491399 0.000000 0.987767
v -0.464196 0.000000 1.009121
v -0.436538 0.000000 1.028846
v -0.407839 0.000000 1.046968
v -0.377511 0.000000 1.063515
v -0.345553 0.000000 1.078485
v -0.311966 0.000000 1.091880
v -0.276749 0.000000 1.103699
v -0.239904 0.000000 1.113942
v -0.201429 0.000000 1.122609
v -0.161325 0.000000 1.129701
v -0.119591 0.000000 1.135216
v -0.076229 0.000000 1.139156
v -0.031237 0.000000 1.141520
v 0.015385 0.000000 1.142308
v 0.063809 0.000000 1.141373
v 0.110363 0.000000 1.138568
v 0.155048 0.000000 1.133894
v 0.197863 0.000000 1.127350
v 0.238809 0.000000 1.118937
v 0.277885 0.000000 1.108654
v 0.315091 0.000000 1.096501
v 0.350427 0.000000 1.082479
v 0.383894 0.000000 1.066586
v 0.415492 0.000000 1.048825
v 0.445219 0.000000 1.029193
v 0.473077 0.000000 1.007692
v 0.498878 0.000000 0.984455
v 0.522436 0.000000 0.959615
v 0.543750 0.000000 0.933173
v 0.562821 0.000000 0.905128
v 0.579647 0.000000 0.875481
v 0.594231 0.000000 0.844231
v 0.606570 0.000000 0.811378
v 0.616667 0.000000 0.776923
v 0.624519 0.000000 0.740865
v 0.630128 0.000000 0.703205
v 0.633494 0.000000 0.663942
v 0.634615 0.000000 0.623077
v 0.633373 0.000000 0.587874
v 0.629647 0.000000 0.554060
v 0.623437 0.000000 0.521635
v 0.614743 0.000000 0.490598
v 0.603566 0.000000 0.460951
v 0.589904 0.000000 0.432692
v 0.573758 0.000000 0.405823
v 0.555128 0.000000 0.380342
v 0.534014 0.000000 0.356250
v 0.510417 0.000000 0.333547
v 0.484335 0.000000 0.312233
v 0.455769 0.000000 0.292308
v 0.424853 0.000000 0.273291
v 0.391720 0.000000 0.254701
v 0.356370 0.000000 0.236538
v 0.318803 0.000000 0.218803
v 0.279020 0.000000 0.201496
v 0.237019 0.000000 0.184615
v 0.192802 0.000000 0.168162
v 0.146368 0.000000 0.152137
v 0.097716 0.000000 0.136538
v 0.046848 0.000000 0.121367
v -0.006237 0.000000 0.106624
v -0.061538 0.000000 0.092308
v -0.120139 0.000000 0.077043
v -0.176709 0.000000 0.060737
v -0.231250 0.000000 0.043389
v -0.283761 0.000000 0.025000
v -0.334241 0.000000 0.005569
v -0.382692 0.000000 -0.014904
v -0.429113 0.000000 -0.036418
v -0.473504 0.000000 -0.058974
v -0.515865 0.000000 -0.082572
v -0.556197 0.000000 -0.107212
v -0.594498 0.000000 -0.132893
v -0.630769 0.000000 -0.159615
v -0.664557 0.000000 -0.188048
v -0.695406 0.000000 -0.218857
v -0.723317 0.000000 -0.252043
v -0.748291 0.000000 -0.287607
v -0.770326 0.000000 -0.325548
v -0.789423 0.000000 -0.365866
v -0.805582 0.000000 -0.408561
v -0.818803 0.000000 -0.453633
v -0.829086 0.000000 -0.501082
v -0.836432 0.000000 -0.550908
v -0.840839 0.000000 -0.603112
v -0.842308 0.000000 -0.657692
v -0.841506 0.000000 -0.693203
v -0.839103 0.000000 -0.727938
v -0.835096 0.000000 -0.761899
v -0.829487 0.000000 -0.795086
v -0.822276 0.000000 -0.827497
v -0.813462 0.000000 -0.859135
v -0.803045 0.000000 -0.889997
v -0.791026 0.000000 -0.920086
v -0.777404 0.000000 -0.949399
v -0.762179 0.000000 -0.977938
v -0.745353 0.000000 -1.005703
v -0.726923 0.000000 -1.032692
v -0.707158 0.000000 -1.058761
v -0.686325 0.000000 -1.083761
v -0.664423 0.000000 -1.107692
v -0.641453 0.000000 -1.130556
v -0.617415 0.000000 -1.152350
v -0.592308 0.000000 -1.173077
v -0.566132 0.000000 -1.192735
v -0.538889 0.000000 -1.211325
v -0.510577 0.000000 -1.228846
v -0.481197 0.000000 -1.245299
v -0.450748 0.000000 -1.260684
v -0.419231 0.000000 -1.275000
v -0.386939 0.000000 -1.288208
v -0.354167 0.000000 -1.300267
v -0.320913 0.000000 -1.311178
v -0.287180 0.000000 -1.320940
v -0.252965 0.000000 -1.329554
v -0.218269 0.000000 -1.337019
v -0.183093 0.000000 -1.343336
v -0.147436 0.000000 -1.348504
v -0.111298 0.000000 -1.352524
v -0.074679 0.000000 -1.355395
v -0.037580 0.000000 -1.357118
v 0.000000 0.000000 -1.357692
v 0.047663 0.000000 -1.356784
v 0.094498 0.000000 -1.354060
v 0.140505 0.000000 -1.349519
v 0.185684 0.000000 -1.343163
v 0.230035 0.000000 -1.334989
v 0.273558 0.000000 -1.325000
v 0.316253 0.000000 -1.313195
v 0.358120 0.000000 -1.299573
v 0.399159 0.000000 -1.284135
v 0.439370 0.000000 -1.266880
v 0.478753 0.000000 -1.247810
v 0.517308 0.000000 -1.226923
v 0.554821 0.000000 -1.204434
v 0.591079 0.000000 -1.180556
v 0.626082 0.000000 -1.155289
v 0.659829 0.000000 -1.128633
v 0.692321 0.000000 -1.100588
v 0.723558 0.000000 -1.071154
v 0.753539 0.000000 -1.040331
v 0.782265 0.000000 -1.008120
v 0.809736 0.000000 -0.974519
v 0.835951 0.000000 -0.939530
v 0.860911 0.000000 -0.903152
v 0.884615 0.000000 -0.865385
v 0.684615 0.000000 -0.696154
v 0.659014 0.000000 -0.731197
v 0.633494 0.000000 -0.764530
v 0.608053 0.000000 -0.796154
v 0.582692 0.000000 -0.826068
v 0.557412 0.000000 -0.854273
v 0.532212 0.000000 -0.880769
v 0.507091 0.000000 -0.905555
v 0.482051 0.000000 -0.928632
v 0.457091 0.000000 -0.950000
v 0.432212 0.000000 -0.969658
v 0.407412 0.000000 -0.987607
v 0.382692 0.000000 -1.003846
v 0.357412 0.000000 -1.018590
v 0.330929 0.000000 -1.032051
v 0.303245 0.000000 -1.044231
v 0.274359 0.000000 -1.055128
v 0.244271 0.000000 -1.064744
v 0.212981 0.000000 -1.073077
v 0.180489 0.000000 -1.080128
v 0.146795 0.000000 -1.085897
v 0.111899 0.000000 -1.090385
v 0.075801 0.000000 -1.093590
v 0.038502 0.000000 -1.095513
v 0.000000 0.000000 -1.096154
v -0.041052 0.000000 -1.095379
v -0.080876 0.000000 -1.093056
v -0.119471 0.000000 -1.089183
v -0.156838 0.000000 -1.083761
v -0.192975 0.000000 -1.076790
v -0.227885 0.000000 -1.068269
v -0.261565 0.000000 -1.058200
v -0.294017 0.000000 -1.046581
v -0.325240 0.000000 -1.033414
v -0.355235 0.000000 -1.018697
v -0.384001 0.000000 -1.002431
v -0.411538 0.000000 -0.984616
v -0.437340 0.000000 -0.965305
v -0.460897 0.000000 -0.944551
v -0.482212 0.000000 -0.922356
v -0.501282 0.000000 -0.898718
v -0.518109 0.000000 -0.873638
v -0.532692 0.000000 -0.847116
v -0.545032 0.000000 -0.819151
v -0.555128 0.000000 -0.789744
v -0.562981 0.000000 -0.758894
v -0.568590 0.000000 -0.726603
v -0.571955 0.000000 -0.692869
v -0.573077 0.000000 -0.657692
v -0.572529 0.000000 -0.633093
v -0.570887 0.000000 -0.609295
v -0.568149 0.000000 -0.586298
v -0.564316 0.000000 -0.564103
v -0.559388 0.000000 -0.542709
v -0.553365 0.000000 -0.522116
v -0.546247 0.000000 -0.502324
v -0.538034 0.000000 -0.483334
v -0.528726 0.000000 -0.465144
v -0.518323 0.000000 -0.447757
v -0.506824 0.000000 -0.431170
v -0.494231 0.000000 -0.415385
v -0.480689 0.000000 -0.400240
v -0.466346 0.000000 -0.385577
v -0.451202 0.000000 -0.371394
v -0.435256 0.000000 -0.357692
v -0.418510 0.000000 -0.344471
v -0.400962 0.000000 -0.331731
v -0.382612 0.000000 -0.319471
v -0.363462 0.000000 -0.307692
v -0.343510 0.000000 -0.296394
v -0.322756 0.000000 -0.285577
v -0.301202 0.000000 -0.275240
v -0.278846 0.000000 -0.265385
v -0.255462 0.000000 -0.255769
v -0.230823 0.000000 -0.246154
v -0.204928 0.000000 -0.236539
v -0.177778 0.000000 -0.226923
v -0.149372 0.000000 -0.217308
v -0.119712 0.000000 -0.207692
v -0.088795 0.000000 -0.198077
v -0.056624 0.000000 -0.188462
v -0.023197 0.000000 -0.178846
v 0.011485 0.000000 -0.169231
v 0.047423 0.000000 -0.159615
v 0.084615 0.000000 -0.150000
v 0.148785 0.000000 -0.132879
v 0.210524 0.000000 -0.114851
v 0.269832 0.000000 -0.095914
v 0.326709 0.000000 -0.076068
v 0.381157 0.000000 -0.055315
v 0.433173 0.000000 -0.033654
v 0.482759 0.000000 -0.011085
v 0.529914 0.000000 0.012393
v 0.574639 0.000000 0.036779
v 0.616934 0.000000 0.062073
v 0.656797 0.000000 0.088274
v 0.694231 0.000000 0.115385
v 0.728940 0.000000 0.144124
v 0.760630 0.000000 0.175214
v 0.789303 0.000000 0.208654
v 0.814957 0.000000 0.244444
v 0.837593 0.000000 0.282585
v 0.857212 0.000000 0.323077
v 0.873811 0.000000 0.365919
v 0.887393 0.000000 0.411111
v 0.897957 0.000000 0.458654
v 0.905502 0.000000 0.508547
v 0.910029 0.000000 0.560791
v 0.911538 0.000000 0.615385
v 0.909829 0.000000 0.674613
v 0.904701 0.000000 0.731784
v 0.896154 0.000000 0.786899
v 0.884188 0.000000 0.839957
v 0.868803 0.000000 0.890959
v 0.850000 0.000000 0.939904
v 0.827778 0.000000 0.986792
v 0.802137 0.000000 1.031624
v 0.773077 0.000000 1.074399
v 0.740598 0.000000 1.115118
v 0.704701 0.000000 1.153780
v 0.665385 0.000000 1.190385
v 0.623050 0.000000 1.224479
v 0.578098 0.000000 1.255609
v 0.530529 0.000000 1.283774
v 0.480342 0.000000 1.308974
v 0.427537 0.000000 1.331210
v 0.372115 0.000000 1.350481
v 0.314076 0.000000 1.366787
v 0.253419 0.000000 1.380128
v 0.190144 0.000000 1.390505
v 0.124252 0.000000 1.397917
v 0.055743 0.000000 1.402364
v -0.015385 0.000000 1.403846
v -0.015385 0.600000 1.403846
v -0.071087 0.000000 1.402818
v -0.071087 0.600000 1.402818
v -0.125374 0.000000 1.399733
v -0.125374 0.600000 1.399733
v -0.178245 0.000000 1.394591
v -0.178245 0.600000 1.394591
v -0.229701 0.000000 1.387393
v -0.229701 0.600000 1.387393
v -0.279741 0.000000 1.378138
v -0.279741 0.600000 1.378138
v -0.328365 0.000000 1.366827
v -0.328365 0.600000 1.366827
v -0.375574 0.000000 1.353459
v -0.375574 0.600000 1.353459
v -0.421367 0.000000 1.338034
v -0.421367 0.600000 1.338034
v -0.465745 0.000000 1.320553
v -0.465745 0.600000 1.320553
v -0.508707 0.000000 1.301015
v -0.508707 0.600000 1.301015
v -0.550254 0.000000 1.279420
v -0.550254 0.600000 1.279420
v -0.590385 0.000000 1.255769
v -0.590385 0.600000 1.255769
v -0.629073 0.000000 1.230462
v -0.629073 0.600000 1.230462
v -0.666293 0.000000 1.203900
v -0.666293 0.600000 1.203900
v -0.702043 0.000000 1.176082
v -0.702043 0.600000 1.176082
v -0.736325 0.000000 1.147008
v -0.736325 0.600000 1.147008
v -0.769137 0.000000 1.116680
v -0.769137 0.600000 1.116680
v -0.800481 0.000000 1.085096
v -0.800481 0.600000 1.085096
v -0.830355 0.000000 1.052257
v -0.830355 0.600000 1.052257
v -0.858761 0.000000 1.018162
v -0.858761 0.600000 1.018162
v -0.885697 0.000000 0.982812
v -0.885697 0.600000 0.982812
v -0.911164 0.000000 0.946207
v -0.911164 0.600000 0.946207
v -0.935163 0.000000 0.908347
v -0.935163 0.600000 0.908347
v -0.957692 0.000000 0.869231
v -0.957692 0.600000 0.869231
v -0.738461 0.000000 0.684615
v -0.738461 0.600000 0.684615
v -0.715799 0.000000 0.722262
v -0.715799 0.600000 0.722262
v -0.692682 0.000000 0.758280
v -0.692682 0.600000 0.758280
v -0.669110 0.000000 0.792668
v -0.669110 0.600000 0.792668
v -0.645085 0.000000 0.825427
v -0.645085 0.600000 0.825427
v -0.620606 0.000000 0.856557
v -0.620606 0.600000 0.856557
v -0.595673 0.000000 0.886058
v -0.595673 0.600000 0.886058
v -0.570286 0.000000 0.913929
v -0.570286 0.600000 0.913929
v -0.544444 0.000000 0.940171
v -0.544444 0.600000 0.940171
v -0.518149 0.000000 0.964784
v -0.518149 0.600000 0.964784
v -0.491399 0.000000 0.987767
v -0.491399 0.600000 0.987767
v -0.464196 0.000000 1.009121
v -0.464196 0.600000 1.009121
v -0.436538 0.000000 1.028846
v -0.436538 0.600000 1.028846
v -0.407839 0.000000 1.046968
v -0.407839 0.600000 1.046968
v -0.377511 0.000000 1.063515
v -0.377511 0.600000 1.063515
v -0.345553 0.000000 1.078485
v -0.345553 0.600000 1.078485
v -0.311966 0.000000 1.091880
v -0.311966 0.600000 1.091880
v -0.276749 0.000000 1.103699
v -0.276749 0.600000 1.103699
v -0.239904 0.000000 1.113942
v -0.239904 0.600000 1.113942
v -0.201429 0.000000 1.122609
v -0.201429 0.600000 1.122609
v -0.161325 0.000000 1.129701
v -0.161325 0.600000 1.129701
v -0.119591 0.000000 1.135216
v -0.119591 0.600000 1.135216
v -0.076229 0.000000 1.139156
v -0.076229 0.600000 1.139156
v -0.031237 0.000000 1.141520
v -0.031237 0.600000 1.141520
v 0.015385 0.000000 1.142308
v 0.015385 0.600000 1.142308
v 0.063809 0.000000 1.141373
v 0.063809 0.600000 1.141373
v 0.110363 0.000000 1.138568
v 0.110363 0.600000 1.138568
v 0.155048 0.000000 1.133894
v 0.155048 0.600000 1.133894
v 0.197863 0.000000 1.127350
v 0.197863 0.600000 1.127350
v 0.238809 0.000000 1.118937
v 0.238809 0.600000 1.118937
v 0.277885 0.000000 1.108654
v 0.277885 0.600000 1.108654
v 0.315091 0.000000 1.096501
v 0.315091 0.600000 1.096501
v 0.350427 0.000000 1.082479
v 0.350427 0.600000 1.082479
v 0.383894 0.000000 1.066586
v 0.383894 0.600000 1.066586
v 0.415492 0.000000 1.048825
v 0.415492 0.600000 1.048825
v 0.445219 0.000000 1.029193
v 0.445219 0.600000 1.029193
v 0.473077 0.000000 1.007692
v 0.473077 0.600000 1.007692
v 0.498878 0.000000 0.984455
v 0.498878 0.600000 0.984455
v 0.522436 0.000000 0.959615
v 0.522436 0.600000 0.959615
v 0.543750 0.000000 0.933173
v 0.543750 0.600000 0.933173
v 0.562821 0.000000 0.905128
v 0.562821 0.600000 0.905128
v 0.579647 0.000000 0.875481
v 0.579647 0.600000 0.875481
v 0.594231 0.000000 0.844231
v 0.594231 0.600000 0.844231
v 0.606570 0.000000 0.811378
v 0.606570 0.600000 0.811378
v 0.616667 0.000000 0.776923
v 0.616667 0.600000 0.776923
v 0.624519 0.000000 0.740865
v 0.624519 0.600000 0.740865
v 0.630128 0.000000 0.703205
v 0.630128 0.600000 0.703205
v 0.633494 0.000000 0.663942
v 0.633494 0.600000 0.663942
v 0.634615 0.000000 0.623077
v 0.634615 0.600000 0.623077
v 0.633373 0.000000 0.587874
v 0.633373 0.600000 0.587874
v 0.629647 0.000000 0.554060
v 0.629647 0.600000 0.554060
v 0.623437 0.000000 0.521635
v 0.623437 0.600000 0.521635
v 0.614743 0.000000 0.490598
v 0.614743 0.600000 0.490598
v 0.603566 0.000000 0.460951
v 0.603566 0.600000 0.460951
v 0.589904 0.000000 0.432692
v 0.589904 0.600000 0.432692
v 0.573758 0.000000 0.405823
v 0.573758 0.600000 0.405823
v 0.555128 0.000000 0.380342
v 0.555128 0.600000 0.380342
v 0.534014 0.000000 0.356250
v 0.534014 0.600000 0.356250
v 0.510417 0.000000 0.333547
v 0.510417 0.600000 0.333547
v 0.484335 0.000000 0.312233
v 0.484335 0.600000 0.312233
v 0.455769 0.000000 0.292308
v 0.455769 0.600000 0.292308
v 0.424853 0.000000 0.273291
v 0.424853 0.600000 0.273291
v 0.391720 0.000000 0.254701
v 0.391720 0.600000 0.254701
v 0.356370 0.000000 0.236538
v 0.356370 0.600000 0.236538
v 0.318803 0.000000 0.218803
v 0.318803 0.600000 0.218803
v 0.279020 0.000000 0.201496
v 0.279020 0.600000 0.201496
v 0.237019 0.000000 0.184615
v 0.237019 0.600000 0.184615
v 0.192802 0.000000 0.168162
v 0.192802 0.600000 0.168162
v 0.146368 0.000000 0.152137
v 0.146368 0.600000 0.152137
v 0.097716 0.000000 0.136538
v 0.097716 0.600000 0.136538
v 0.046848 0.000000 0.121367
v 0.046848 0.600000 0.121367
v -0.006237 0.000000 0.106624
v -0.006237 0.600000 0.106624
v -0.061538 0.000000 0.092308
v -0.061538 0.600000 0.092308
v -0.120139 0.000000 0.077043
v -0.120139 0.600000 0.077043
v -0.176709 0.000000 0.060737
v -0.176709 0.600000 0.060737
v -0.231250 0.000000 0.043389
v -0.231250 0.600000 0.043389
v -0.283761 0.000000 0.025000
v -0.283761 0.600000 0.025000
v -0.334241 0.000000 0.005569
v -0.334241 0.600000 0.005569
v -0.382692 0.000000 -0.014904
v -0.382692 0.600000 -0.014904
v -0.429113 0.000000 -0.036418
v -0.429113 0.600000 -0.036418
v -0.473504 0.000000 -0.058974
v -0.473504 0.600000 -0.058974
v -0.515865 0.000000 -0.082572
v -0.515865 0.600000 -0.082572
v -0.556197 0.000000 -0.107212
v -0.556197 0.600000 -0.107212
v -0.594498 0.000000 -0.132893
v -0.594498 0.600000 -0.132893
v -0.630769 0.000000 -0.159615
v -0.630769 0.600000 -0.159615
v -0.664557 0.000000 -0.188048
v -0.664557 0.600000 -0.188048
v -0.695406 0.000000 -0.218857
v -0.695406 0.600000 -0.218857
v -0.723317 0.000000 -0.252043
v -0.723317 0.600000 -0.252043
v -0.748291 0.000000 -0.287607
v -0.748291 0.600000 -0.287607
v -0.770326 0.000000 -0.325548
v -0.770326 0.600000 -0.325548
v -0.789423 0.000000 -0.365866
v -0.789423 0.600000 -0.365866
v -0.805582 0.000000 -0.408561
v -0.805582 0.600000 -0.408561
v -0.818803 0.000000 -0.453633
v -0.818803 0.600000 -0.453633
v -0.829086 0.000000 -0.501082
v -0.829086 0.600000 -0.501082
v -0.836432 0.000000 -0.550908
v -0.836432 0.600000 -0.550908
v -0.840839 0.000000 -0.603112
v -0.840839 0.600000 -0.603112
v -0.842308 0.000000 -0.657692
v -0.842308 0.600000 -0.657692
v -0.841506 0.000000 -0.693203
v -0.841506 0.600000 -0.693203
v -0.839103 0.000000 -0.727938
v -0.839103 0.600000 -0.727938
v -0.835096 0.000000 -0.761899
v -0.835096 0.600000 -0.761899
v -0.829487 0.000000 -0.795086
v -0.829487 0.600000 -0.795086
v -0.822276 0.000000 -0.827497
v -0.822276 0.600000 -0.827497
v -0.813462 0.000000 -0.859135
v -0.813462 0.600000 -0.859135
v -0.803045 0.000000 -0.889997
v -0.803045 0.600000 -0.889997
v -0.791026 0.000000 -0.920086
v -0.791026 0.600000 -0.920086
v -0.777404 0.000000 -0.949399
v -0.777404 0.600000 -0.949399
v -0.762179 0.000000 -0.977938
v -0.762179 0.600000 -0.977938
v -0.745353 0.000000 -1.005703
v -0.745353 0.600000 -1.005703
v -0.726923 0.000000 -1.032692
v -0.726923 0.600000 -1.032692
v -0.707158 0.000000 -1.058761
v -0.707158 0.600000 -1.058761
v -0.686325 0.000000 -1.083761
v -0.686325 0.600000 -1.083761
v -0.664423 0.000000 -1.107692
v -0.664423 0.600000 -1.107692
v -0.641453 0.000000 -1.130556
v -0.641453 0.600000 -1.130556
v -0.617415 0.000000 -1.152350
v -0.617415 0.600000 -1.152350
v -0.592308 0.000000 -1.173077
v -0.592308 0.600000 -1.173077
v -0.566132 0.000000 -1.192735
v -0.566132 0.600000 -1.192735
v -0.538889 0.000000 -1.211325
v -0.538889 0.600000 -1.211325
v -0.510577 0.000000 -1.228846
v -0.510577 0.600000 -1.228846
v -0.481197 0.000000 -1.245299
v -0.481197 0.600000 -1.245299
v -0.450748 0.000000 -1.260684
v -0.450748 0.600000 -1.260684
v -0.419231 0.000000 -1.275000
v -0.419231 0.600000 -1.275000
v -0.386939 0.000000 -1.288208
v -0.386939 0.600000 -1.288208
v -0.354167 0.000000 -1.300267
v -0.354167 0.600000 -1.300267
v -0.320913 0.000000 -1.311178
v -0.320913 0.600000 -1.311178
v -0.287180 0.000000 -1.320940
v -0.287180 0.600000 -1.320940
v -0.252965 0.000000 -1.329554
v -0.252965 0.600000 -1.329554
v -0.218269 0.000000 -1.337019
v -0.218269 0.600000 -1.337019
v -0.183093 0.000000 -1.343336
v -0.183093 0.600000 -1.343336
v -0.147436 0.000000 -1.348504
v -0.147436 0.600000 -1.348504
v -0.111298 0.000000 -1.352524
v -0.111298 0.600000 -1.352524
v -0.074679 0.000000 -1.355395
v -0.074679 0.600000 -1.355395
v -0.037580 0.000000 -1.357118
v -0.037580 0.600000 -1.357118
v 0.000000 0.000000 -1.357692
v 0.000000 0.600000 -1.357692
v 0.047663 0.000000 -1.356784
v 0.047663 0.600000 -1.356784
v 0.094498 0.000000 -1.354060
v 0.094498 0.600000 -1.354060
v 0.140505 0.000000 -1.349519
v 0.140505 0.600000 -1.349519
v 0.185684 0.000000 -1.343163
v 0.185684 0.600000 -1.343163
v 0.230035 0.000000 -1.334989
v 0.230035 0.600000 -1.334989
v 0.273558 0.000000 -1.325000
v 0.273558 0.600000 -1.325000
v 0.316253 0.000000 -1.313195
v 0.316253 0.600000 -1.313195
v 0.358120 0.000000 -1.299573
v 0.358120 0.600000 -1.299573
v 0.399159 0.000000 -1.284135
v 0.399159 0.600000 -1.284135
v 0.439370 0.000000 -1.266880
v 0.439370 0.600000 -1.266880
v 0.478753 0.000000 -1.247810
v 0.478753 0.600000 -1.247810
v 0.517308 0.000000 -1.226923
v 0.517308 0.600000 -1.226923
v 0.554821 0.000000 -1.204434
v 0.554821 0.600000 -1.204434
v 0.591079 0.000000 -1.180556
v 0.591079 0.600000 -1.180556
v 0.626082 0.000000 -1.155289
v 0.626082 0.600000 -1.155289
v 0.659829 0.000000 -1.128633
v 0.659829 0.600000 -1.128633
v 0.692321 0.000000 -1.100588
v 0.692321 0.600000 -1.100588
v 0.723558 0.000000 -1.071154
v 0.723558 0.600000 -1.071154
v 0.753539 0.000000 -1.040331
v 0.753539 0.600000 -1.040331
v 0.782265 0.000000 -1.008120
v 0.782265 0.600000 -1.008120
v 0.809736 0.000000 -0.974519
v 0.809736 0.600000 -0.974519
v 0.835951 0.000000 -0.939530
v 0.835951 0.600000 -0.939530
v 0.860911 0.000000 -0.903152
v 0.860911 0.600000 -0.903152
v 0.884615 0.000000 -0.865385
v 0.884615 0.600000 -0.865385
v 0.684615 0.000000 -0.696154
v 0.684615 0.600000 -0.696154
v 0.659014 0.000000 -0.731197
v 0.659014 0.600000 -0.731197
v 0.633494 0.000000 -0.764530
v 0.633494 0.600000 -0.764530
v 0.608053 0.000000 -0.796154
v 0.608053 0.600000 -0.796154
v 0.582692 0.000000 -0.826068
v 0.582692 0.600000 -0.826068
v 0.557412 0.000000 -0.854273
v 0.557412 0.600000 -0.854273
v 0.532212 0.000000 -0.880769
v 0.532212 0.600000 -0.880769
v 0.507091 0.000000 -0.905555
v 0.507091 0.600000 -0.905555
v 0.482051 0.000000 -0.928632
v 0.482051 0.600000 -0.928632
v 0.457091 0.000000 -0.950000
v 0.457091 0.600000 -0.950000
v 0.432212 0.000000 -0.969658
v 0.432212 0.600000 -0.969658
v 0.407412 0.000000 -0.987607
v 0.407412 0.600000 -0.987607
v 0.382692 0.000000 -1.003846
v 0.382692 0.600000 -1.003846
v 0.357412 0.000000 -1.018590
v 0.357412 0.600000 -1.018590
v 0.330929 0.000000 -1.032051
v 0.330929 0.600000 -1.032051
v 0.303245 0.000000 -1.044231
v 0.303245 0.600000 -1.044231
v 0.274359 0.000000 -1.055128
v 0.274359 0.600000 -1.055128
v 0.244271 0.000000 -1.064744
v 0.244271 0.600000 -1.064744
v 0.212981 0.000000 -1.073077
v 0.212981 0.600000 -1.073077
v 0.180489 0.000000 -1.080128
v 0.180489 0.600000 -1.080128
v 0.146795 0.000000 -1.085897
v 0.146795 0.600000 -1.085897
v 0.111899 0.000000 -1.090385
v 0.111899 0.600000 -1.090385
v 0.075801 0.000000 -1.093590
v 0.075801 0.600000 -1.093590
v 0.038502 0.000000 -1.095513
v 0.038502 0.600000 -1.095513
v 0.000000 0.000000 -1.096154
v 0.000000 0.600000 -1.096154
v -0.041052 0.000000 -1.095379
v -0.041052 0.600000 -1.095379
v -0.080876 0.000000 -1.093056
v -0.080876 0.600000 -1.093056
v -0.119471 0.000000 -1.089183
v -0.119471 0.600000 -1.089183
v -0.156838 0.000000 -1.083761
v -0.156838 0.600000 -1.083761
v -0.192975 0.000000 -1.076790
v -0.192975 0.600000 -1.076790
v -0.227885 0.000000 -1.068269
v -0.227885 0.600000 -1.068269
v -0.261565 0.000000 -1.058200
v -0.261565 0.600000 -1.058200
v -0.294017 0.000000 -1.046581
v -0.294017 0.600000 -1.046581
v -0.325240 0.000000 -1.033414
v -0.325240 0.600000 -1.033414
v -0.355235 0.000000 -1.018697
v -0.355235 0.600000 -1.018697
v -0.384001 0.000000 -1.002431
v -0.384001 0.600000 -1.002431
v -0.411538 0.000000 -0.984616
v -0.411538 0.600000 -0.984616
v -0.437340 0.000000 -0.965305
v -0.437340 0.600000 -0.965305
v -0.460897 0.000000 -0.944551
v -0.460897 0.600000 -0.944551
v -0.482212 0.000000 -0.922356
v -0.482212 0.600000 -0.922356
v -0.501282 0.000000 -0.898718
v -0.501282 0.600000 -0.898718
v -0.518109 0.000000 -0.873638
v -0.518109 0.600000 -0.873638
v -0.532692 0.000000 -0.847116
v -0.532692 0.600000 -0.847116
v -0.545032 0.000000 -0.819151
v -0.545032 0.600000 -0.819151
v -0.555128 0.000000 -0.789744
v -0.555128 0.600000 -0.789744
v -0.562981 0.000000 -0.758894
v -0.562981 0.600000 -0.758894
v -0.568590 0.000000 -0.726603
v -0.568590 0.600000 -0.726603
v -0.571955 0.000000 -0.692869
v -0.571955 0.600000 -0.692869
v -0.573077 0.000000 -0.657692
v -0.573077 0.600000 -0.657692
v -0.572529 0.000000 -0.633093
v -0.572529 0.600000 -0.633093
v -0.570887 0.000000 -0.609295
v -0.570887 0.600000 -0.609295
v -0.568149 0.000000 -0.586298
v -0.568149 0.600000 -0.586298
v -0.564316 0.000000 -0.564103
v -0.564316 0.600000 -0.564103
v -0.559388 0.000000 -0.542709
v -0.559388 0.600000 -0.542709
v -0.553365 0.000000 -0.522116
v -0.553365 0.600000 -0.522116
v -0.546247 0.000000 -0.502324
v -0.546247 0.600000 -0.502324
v -0.538034 0.000000 -0.483334
v -0.538034 0.600000 -0.483334
v -0.528726 0.000000 -0.465144
v -0.528726 0.600000 -0.465144
v -0.518323 0.000000 -0.447757
v -0.518323 0.600000 -0.447757
v -0.506824 0.000000 -0.431170
v -0.506824 0.600000 -0.431170
v -0.494231 0.000000 -0.415385
v -0.494231 0.600000 -0.415385
v -0.480689 0.000000 -0.400240
v -0.480689 0.600000 -0.400240
v -0.466346 0.000000 -0.385577
v -0.466346 0.600000 -0.385577
v -0.451202 0.000000 -0.371394
v -0.451202 0.600000 -0.371394
v -0.435256 0.000000 -0.357692
v -0.435256 0.600000 -0.357692
v -0.418510 0.000000 -0.344471
v -0.418510 0.600000 -0.344471
v -0.400962 0.000000 -0.331731
v -0.400962 0.600000 -0.331731
v -0.382612 0.000000 -0.319471
v -0.382612 0.600000 -0.319471
v -0.363462 0.000000 -0.307692
v -0.363462 0.600000 -0.307692
v -0.343510 0.000000 -0.296394
v -0.343510 0.600000 -0.296394
v -0.322756 0.000000 -0.285577
v -0.322756 0.600000 -0.285577
v -0.301202 0.000000 -0.275240
v -0.301202 0.600000 -0.275240
v -0.278846 0.000000 -0.265385
v -0.278846 0.600000 -0.265385
v -0.255462 0.000000 -0.255769
v -0.255462 0.600000 -0.255769
v -0.230823 0.000000 -0.246154
v -0.230823 0.600000 -0.246154
v -0.204928 0.000000 -0.236539
v -0.204928 0.600000 -0.236539
v -0.177778 0.000000 -0.226923
v -0.177778 0.600000 -0.226923
v -0.149372 0.000000 -0.217308
v -0.149372 0.600000 -0.217308
v -0.119712 0.000000 -0.207692
v -0.119712 0.600000 -0.207692
v -0.088795 0.000000 -0.198077
v -0.088795 0.600000 -0.198077
v -0.056624 0.000000 -0.188462
v -0.056624 0.600000 -0.188462
v -0.023197 0.000000 -0.178846
v -0.023197 0.600000 -0.178846
v 0.011485 0.000000 -0.169231
v 0.011485 0.600000 -0.169231
v 0.047423 0.000000 -0.159615
v 0.047423 0.600000 -0.159615
v 0.084615 0.000000 -0.150000
v 0.084615 0.600000 -0.150000
v 0.148785 0.000000 -0.132879
v 0.148785 0.600000 -0.132879
v 0.210524 0.000000 -0.114851
v 0.210524 0.600000 -0.114851
v 0.269832 0.000000 -0.095914
v 0.269832 0.600000 -0.095914
v 0.326709 0.000000 -0.076068
v 0.326709 0.600000 -0.076068
v 0.381157 0.000000 -0.055315
v 0.381157 0.600000 -0.055315
v 0.433173 0.000000 -0.033654
v 0.433173 0.600000 -0.033654
v 0.482759 0.000000 -0.011085
v 0.482759 0.600000 -0.011085
v 0.529914 0.000000 0.012393
v 0.529914 0.600000 0.012393
v 0.574639 0.000000 0.036779
v 0.574639 0.600000 0.036779
v 0.616934 0.000000 0.062073
v 0.616934 0.600000 0.062073
v 0.656797 0.000000 0.088274
v 0.656797 0.600000 0.088274
v 0.694231 0.000000 0.115385
v 0.694231 0.600000 0.115385
v 0.728940 0.000000 0.144124
v 0.728940 0.600000 0.144124
v 0.760630 0.000000 0.175214
v 0.760630 0.600000 0.175214
v 0.789303 0.000000 0.208654
v 0.789303 0.600000 0.208654
v 0.814957 0.000000 0.244444
v 0.814957 0.600000 0.244444
v 0.837593 0.000000 0.282585
v 0.837593 0.600000 0.282585
v 0.857212 0.000000 0.323077
v 0.857212 0.600000 0.323077
v 0.873811 0.000000 0.365919
v 0.873811 0.600000 0.365919
v 0.887393 0.000000 0.411111
v 0.887393 0.600000 0.411111
v 0.897957 0.000000 0.458654
v 0.897957 0.600000 0.458654
v 0.905502 0.000000 0.508547
v 0.905502 0.600000 0.508547
v 0.910029 0.000000 0.560791
v 0.910029 0.600000 0.560791
v 0.911538 0.000000 0.615385
v 0.911538 0.600000 0.615385
v 0.909829 0.000000 0.674613
v 0.909829 0.600000 0.674613
v 0.904701 0.000000 0.731784
v 0.904701 0.600000 0.731784
v 0.896154 0.000000 0.786899
v 0.896154 0.600000 0.786899
v 0.884188 0.000000 0.839957
v 0.884188 0.600000 0.839957
v 0.868803 0.000000 0.890959
v 0.868803 0.600000 0.890959
v 0.850000 0.000000 0.939904
v 0.850000 0.600000 0.939904
v 0.827778 0.000000 0.986792
v 0.827778 0.600000 0.986792
v 0.802137 0.000000 1.031624
v 0.802137 0.600000 1.031624
v 0.773077 0.000000 1.074399
v 0.773077 0.600000 1.074399
v 0.740598 0.000000 1.115118
v 0.740598 0.600000 1.115118
v 0.704701 0.000000 1.153780
v 0.704701 0.600000 1.153780
v 0.665385 0.000000 1.190385
v 0.665385 0.600000 1.190385
v 0.623050 0.000000 1.224479
v 0.623050 0.600000 1.224479
v 0.578098 0.000000 1.255609
v 0.578098 0.600000 1.255609
v 0.530529 0.000000 1.283774
v 0.530529 0.600000 1.283774
v 0.480342 0.000000 1.308974
v 0.480342 0.600000 1.308974
v 0.427537 0.000000 1.331210
v 0.427537 0.600000 1.331210
v 0.372115 0.000000 1.350481
v 0.372115 0.600000 1.350481
v 0.314076 0.000000 1.366787
v 0.314076 0.600000 1.366787
v 0.253419 0.000000 1.380128
v 0.253419 0.600000 1.380128
v 0.190144 0.000000 1.390505
v 0.190144 0.600000 1.390505
v 0.124252 0.000000 1.397917
v 0.124252 0.600000 1.397917
v 0.055743 0.000000 1.402364
v 0.055743 0.600000 1.402364
vn -0.0000 1.0000 -0.0000
vn -0.0000 -1.0000 -0.0000
vn 0.0012 -0.0000 1.0000
vn -0.0376 -0.0000 0.9993
vn -0.0768 -0.0000 0.9970
vn -0.1177 -0.0000 0.9930
vn -0.1602 -0.0000 0.9871
vn -0.2043 -0.0000 0.9789
vn -0.2496 -0.0000 0.9684
vn -0.2959 -0.0000 0.9552
vn -0.3430 -0.0000 0.9393
vn -0.3904 -0.0000 0.9207
vn -0.4377 -0.0000 0.8991
vn -0.4846 -0.0000 0.8747
vn -0.5277 -0.0000 0.8494
vn -0.5643 -0.0000 0.8256
vn -0.5976 -0.0000 0.8018
vn -0.6306 -0.0000 0.7761
vn -0.6629 -0.0000 0.7487
vn -0.6944 -0.0000 0.7195
vn -0.7249 -0.0000 0.6888
vn -0.7542 -0.0000 0.6567
vn -0.7820 -0.0000 0.6232
vn -0.8083 -0.0000 0.5887
vn -0.8329 -0.0000 0.5534
vn -0.8558 -0.0000 0.5174
vn -0.9849 -0.0000 -0.1733
vn 0.1638 -0.0000 -0.9865
vn 0.8492 -0.0000 -0.5280
vn 0.8333 -0.0000 -0.5528
vn 0.8157 -0.0000 -0.5785
vn 0.7963 -0.0000 -0.6048
vn 0.7750 -0.0000 -0.6319
vn 0.7516 -0.0000 -0.6596
vn 0.7260 -0.0000 -0.6877
vn 0.6981 -0.0000 -0.7160
vn 0.6677 -0.0000 -0.7444
vn 0.6347 -0.0000 -0.7727
vn 0.5992 -0.0000 -0.8006
vn 0.5575 -0.0000 -0.8302
vn 0.5067 -0.0000 -0.8621
vn 0.4518 -0.0000 -0.8921
vn 0.3975 -0.0000 -0.9176
vn 0.3444 -0.0000 -0.9388
vn 0.2931 -0.0000 -0.9561
vn 0.2439 -0.0000 -0.9698
vn 0.1970 -0.0000 -0.9804
vn 0.1526 -0.0000 -0.9883
vn 0.1108 -0.0000 -0.9938
vn 0.0715 -0.0000 -0.9974
vn 0.0347 -0.0000 -0.9994
vn -0.0012 -0.0000 -1.0000
vn -0.0397 -0.0000 -0.9992
vn -0.0821 -0.0000 -0.9966
vn -0.1276 -0.0000 -0.9918
vn -0.1762 -0.0000 -0.9843
vn -0.2280 -0.0000 -0.9737
vn -0.2826 -0.0000 -0.9592
vn -0.3398 -0.0000 -0.9405
vn -0.3991 -0.0000 -0.9169
vn -0.4598 -0.0000 -0.8880
vn -0.5209 -0.0000 -0.8536
vn -0.5814 -0.0000 -0.8136
vn -0.6406 -0.0000 -0.7679
vn -0.6979 -0.0000 -0.7162
vn -0.7527 -0.0000 -0.6584
vn -0.8034 -0.0000 -0.5954
vn -0.8490 -0.0000 -0.5284
vn -0.8886 -0.0000 -0.4586
vn -0.9219 -0.0000 -0.3875
vn -0.9485 -0.0000 -0.3166
vn -0.9690 -0.0000 -0.2471
vn -0.9836 -0.0000 -0.1802
vn -0.9932 -0.0000 -0.1164
vn -0.9984 -0.0000 -0.0564
vn -1.0000 -0.0000 0.0039
vn -0.9974 -0.0000 0.0724
vn -0.9888 -0.0000 0.1489
vn -0.9734 -0.0000 0.2291
vn -0.9502 -0.0000 0.3116
vn -0.9189 -0.0000 0.3944
vn -0.8796 -0.0000 0.4756
vn -0.8331 -0.0000 0.5532
vn -0.7804 -0.0000 0.6253
vn -0.7233 -0.0000 0.6905
vn -0.6636 -0.0000 0.7481
vn -0.6029 -0.0000 0.7978
vn -0.5482 -0.0000 0.8363
vn -0.5067 -0.0000 0.8621
vn -0.4732 -0.0000 0.8809
vn -0.4420 -0.0000 0.8970
vn -0.4130 -0.0000 0.9107
vn -0.3860 -0.0000 0.9225
vn -0.3609 -0.0000 0.9326
vn -0.3375 -0.0000 0.9413
vn -0.3158 -0.0000 0.9488
vn -0.2956 -0.0000 0.9553
vn -0.2767 -0.0000 0.9610
vn -0.2591 -0.0000 0.9658
vn -0.2513 -0.0000 0.9679
vn -0.2645 -0.0000 0.9644
vn -0.2901 -0.0000 0.9570
vn -0.3168 -0.0000 0.9485
vn -0.3449 -0.0000 0.9386
vn -0.3743 -0.0000 0.9273
vn -0.4049 -0.0000 0.9144
vn -0.4368 -0.0000 0.8995
vn -0.4699 -0.0000 0.8827
vn -0.5041 -0.0000 0.8636
vn -0.5392 -0.0000 0.8422
vn -0.5752 -0.0000 0.8180
vn -0.6188 -0.0000 0.7855
vn -0.6759 -0.0000 0.7370
vn -0.7367 -0.0000 0.6762
vn -0.7926 -0.0000 0.6097
vn -0.8423 -0.0000 0.5389
vn -0.8850 -0.0000 0.4656
vn -0.9202 -0.0000 0.3913
vn -0.9481 -0.0000 0.3180
vn -0.9691 -0.0000 0.2468
vn -0.9839 -0.0000 0.1789
vn -0.9934 -0.0000 0.1150
vn -0.9985 -0.0000 0.0555
vn -1.0000 -0.0000 0.0022
vn -0.9990 -0.0000 -0.0458
vn -0.9957 -0.0000 -0.0931
vn -0.9899 -0.0000 -0.1419
vn -0.9814 -0.0000 -0.1920
vn -0.9701 -0.0000 -0.2429
vn -0.9557 -0.0000 -0.2942
vn -0.9384 -0.0000 -0.3455
vn -0.9181 -0.0000 -0.3963
vn -0.8949 -0.0000 -0.4462
vn -0.8691 -0.0000 -0.4947
vn -0.8408 -0.0000 -0.5413
vn -0.8116 -0.0000 -0.5842
vn -0.7827 -0.0000 -0.6223
vn -0.7532 -0.0000 -0.6578
vn -0.7218 -0.0000 -0.6921
vn -0.6888 -0.0000 -0.7250
vn -0.6543 -0.0000 -0.7562
vn -0.6187 -0.0000 -0.7856
vn -0.5822 -0.0000 -0.8130
vn -0.5451 -0.0000 -0.8384
vn -0.5075 -0.0000 -0.8616
vn -0.4699 -0.0000 -0.8827
vn -0.4324 -0.0000 -0.9017
vn -0.3961 -0.0000 -0.9182
vn -0.3620 -0.0000 -0.9322
vn -0.3286 -0.0000 -0.9445
vn -0.2949 -0.0000 -0.9555
vn -0.2611 -0.0000 -0.9653
vn -0.2273 -0.0000 -0.9738
vn -0.1936 -0.0000 -0.9811
vn -0.1601 -0.0000 -0.9871
vn -0.1270 -0.0000 -0.9919
vn -0.0944 -0.0000 -0.9955
vn -0.0623 -0.0000 -0.9981
vn -0.0308 -0.0000 -0.9995
vn 0.0019 -0.0000 -1.0000
vn 0.0386 -0.0000 -0.9993
vn 0.0782 -0.0000 -0.9969
vn 0.1188 -0.0000 -0.9929
vn 0.1603 -0.0000 -0.9871
vn 0.2025 -0.0000 -0.9793
vn 0.2452 -0.0000 -0.9695
vn 0.2880 -0.0000 -0.9576
vn 0.3308 -0.0000 -0.9437
vn 0.3733 -0.0000 -0.9277
vn 0.4152 -0.0000 -0.9097
vn 0.4562 -0.0000 -0.8899
vn 0.4954 -0.0000 -0.8687
vn 0.5322 -0.0000 -0.8466
vn 0.5678 -0.0000 -0.8232
vn 0.6027 -0.0000 -0.7980
vn 0.6368 -0.0000 -0.7711
vn 0.6698 -0.0000 -0.7426
vn 0.7015 -0.0000 -0.7127
vn 0.7317 -0.0000 -0.6816
vn 0.7604 -0.0000 -0.6494
vn 0.7874 -0.0000 -0.6164
vn 0.8126 -0.0000 -0.5828
vn 0.8360 -0.0000 -0.5488
vn 0.9882 -0.0000 0.1534
vn -0.1185 -0.0000 0.9930
vn -0.8008 -0.0000 0.5989
vn -0.7866 -0.0000 0.6174
vn -0.7710 -0.0000 0.6368
vn -0.7538 -0.0000 0.6571
vn -0.7347 -0.0000 0.6784
vn -0.7136 -0.0000 0.7006
vn -0.6901 -0.0000 0.7237
vn -0.6641 -0.0000 0.7476
vn -0.6353 -0.0000 0.7723
vn -0.6033 -0.0000 0.7975
vn -0.5678 -0.0000 0.8231
vn -0.5266 -0.0000 0.8501
vn -0.4787 -0.0000 0.8780
vn -0.4281 -0.0000 0.9037
vn -0.3780 -0.0000 0.9258
vn -0.3288 -0.0000 0.9444
vn -0.2810 -0.0000 0.9597
vn -0.2348 -0.0000 0.9720
vn -0.1905 -0.0000 0.9817
vn -0.1482 -0.0000 0.9890
vn -0.1080 -0.0000 0.9941
vn -0.0700 -0.0000 0.9975
vn -0.0341 -0.0000 0.9994
vn 0.0011 -0.0000 1.0000
vn 0.0386 -0.0000 0.9993
vn 0.0791 -0.0000 0.9969
vn 0.1218 -0.0000 0.9926
vn 0.1666 -0.0000 0.9860
vn 0.2133 -0.0000 0.9770
vn 0.2619 -0.0000 0.9651
vn 0.3119 -0.0000 0.9501
vn 0.3630 -0.0000 0.9318
vn 0.4147 -0.0000 0.9100
vn 0.4666 -0.0000 0.8845
vn 0.5179 -0.0000 0.8554
vn 0.5715 -0.0000 0.8206
vn 0.6306 -0.0000 0.7761
vn 0.6918 -0.0000 0.7221
vn 0.7505 -0.0000 0.6609
vn 0.8051 -0.0000 0.5931
vn 0.8542 -0.0000 0.5200
vn 0.8964 -0.0000 0.4432
vn 0.9312 -0.0000 0.3645
vn 0.9582 -0.0000 0.2859
vn 0.9779 -0.0000 0.2091
vn 0.9908 -0.0000 0.1353
vn 0.9978 -0.0000 0.0656
vn 1.0000 -0.0000 0.0048
vn 0.9990 -0.0000 -0.0456
vn 0.9956 -0.0000 -0.0936
vn 0.9895 -0.0000 -0.1442
vn 0.9803 -0.0000 -0.1974
vn 0.9675 -0.0000 -0.2527
vn 0.9508 -0.0000 -0.3097
vn 0.9299 -0.0000 -0.3679
vn 0.9045 -0.0000 -0.4265
vn 0.8746 -0.0000 -0.4848
vn 0.8405 -0.0000 -0.5419
vn 0.8022 -0.0000 -0.5970
vn 0.7639 -0.0000 -0.6454
vn 0.7303 -0.0000 -0.6831
vn 0.6994 -0.0000 -0.7147
vn 0.6678 -0.0000 -0.7443
vn 0.6358 -0.0000 -0.7718
vn 0.6037 -0.0000 -0.7972
vn 0.5716 -0.0000 -0.8205
vn 0.5398 -0.0000 -0.8418
vn 0.5084 -0.0000 -0.8611
vn 0.4776 -0.0000 -0.8786
vn 0.4474 -0.0000 -0.8943
vn 0.4180 -0.0000 -0.9085
vn 0.3919 -0.0000 -0.9200
vn 0.3719 -0.0000 -0.9283
vn 0.3558 -0.0000 -0.9345
vn 0.3410 -0.0000 -0.9401
vn 0.3272 -0.0000 -0.9449
vn 0.3145 -0.0000 -0.9493
vn 0.3027 -0.0000 -0.9531
vn 0.2917 -0.0000 -0.9565
vn 0.2814 -0.0000 -0.9596
vn 0.2718 -0.0000 -0.9624
vn 0.2628 -0.0000 -0.9648
vn 0.2544 -0.0000 -0.9671
vn 0.2540 -0.0000 -0.9672
vn 0.2691 -0.0000 -0.9631
vn 0.2923 -0.0000 -0.9563
vn 0.3168 -0.0000 -0.9485
vn 0.3428 -0.0000 -0.9394
vn 0.3703 -0.0000 -0.9289
vn 0.3994 -0.0000 -0.9168
vn 0.4300 -0.0000 -0.9028
vn 0.4623 -0.0000 -0.8867
vn 0.4961 -0.0000 -0.8683
vn 0.5314 -0.0000 -0.8471
vn 0.5681 -0.0000 -0.8230
vn 0.6125 -0.0000 -0.7905
vn 0.6696 -0.0000 -0.7427
vn 0.7304 -0.0000 -0.6830
vn 0.7867 -0.0000 -0.6173
vn 0.8371 -0.0000 -0.5470
vn 0.8807 -0.0000 -0.4736
vn 0.9170 -0.0000 -0.3990
vn 0.9458 -0.0000 -0.3248
vn 0.9676 -0.0000 -0.2525
vn 0.9831 -0.0000 -0.1833
vn 0.9930 -0.0000 -0.1180
vn 0.9984 -0.0000 -0.0570
vn 1.0000 -0.0000 0.0006
vn 0.9983 -0.0000 0.0591
vn 0.9926 -0.0000 0.1214
vn 0.9824 -0.0000 0.1867
vn 0.9671 -0.0000 0.2546
vn 0.9461 -0.0000 0.3239
vn 0.9192 -0.0000 0.3937
vn 0.8865 -0.0000 0.4627
vn 0.8482 -0.0000 0.5296
vn 0.8051 -0.0000 0.5932
vn 0.7578 -0.0000 0.6525
vn 0.7076 -0.0000 0.7066
vn 0.6548 -0.0000 0.7558
vn 0.5987 -0.0000 0.8010
vn 0.5397 -0.0000 0.8418
vn 0.4794 -0.0000 0.8776
vn 0.4186 -0.0000 0.9081
vn 0.3584 -0.0000 0.9336
vn 0.2996 -0.0000 0.9541
vn 0.2427 -0.0000 0.9701
vn 0.1884 -0.0000 0.9821
vn 0.1368 -0.0000 0.9906
vn 0.0883 -0.0000 0.9961
vn 0.0428 -0.0000 0.9991
vt 0.498403 0.000000
vt 0.504792 0.000000
vt 0.501597 0.000000
vt 0.495208 0.000000
vt 0.507987 0.000000
vt 0.492013 0.000000
vt 0.511182 0.000000
vt 0.488818 0.000000
vt 0.514377 0.000000
vt 0.485623 0.000000
vt 0.482428 0.000000
vt 0.517572 0.000000
vt 0.479233 0.000000
vt 0.520767 0.000000
vt 0.476038 0.000000
vt 0.523962 0.000000
vt 0.472843 0.000000
vt 0.527157 0.000000
vt 0.469649 0.000000
vt 0.466454 0.000000
vt 0.530351 0.000000
vt 0.463259 0.000000
vt 0.533546 0.000000
vt 0.460064 0.000000
vt 0.536741 0.000000
vt 0.456869 0.000000
vt 0.539936 0.000000
vt 0.453674 0.000000
vt 0.450479 0.000000
vt 0.543131 0.000000
vt 0.447284 0.000000
vt 0.546326 0.000000
vt 0.444089 0.000000
vt 0.549521 0.000000
vt 0.440895 0.000000
vt 0.552716 0.000000
vt 0.437700 0.000000
vt 0.434505 0.000000
vt 0.555911 0.000000
vt 0.431310 0.000000
vt 0.658147 0.000000
vt 0.654952 0.000000
vt 0.559105 0.000000
vt 0.661342 0.000000
vt 0.651757 0.000000
vt 0.664537 0.000000
vt 0.648562 0.000000
vt 0.667732 0.000000
vt 0.645367 0.000000
vt 0.670927 0.000000
vt 0.642173 0.000000
vt 0.674121 0.000000
vt 0.428115 0.000000
vt 0.638978 0.000000
vt 0.677316 0.000000
vt 0.635783 0.000000
vt 0.562300 0.000000
vt 0.680511 0.000000
vt 0.632588 0.000000
vt 0.424920 0.000000
vt 0.683706 0.000000
vt 0.629393 0.000000
vt 0.686901 0.000000
vt 0.626198 0.000000
vt 0.565495 0.000000
vt 0.690096 0.000000
vt 0.421725 0.000000
vt 0.623003 0.000000
vt 0.693291 0.000000
vt 0.619808 0.000000
vt 0.568690 0.000000
vt 0.418530 0.000000
vt 0.616613 0.000000
vt 0.696486 0.000000
vt 0.613419 0.000000
vt 0.699681 0.000000
vt 0.415335 0.000000
vt 0.571885 0.000000
vt 0.610224 0.000000
vt 0.702875 0.000000
vt 0.607029 0.000000
vt 0.412141 0.000000
vt 0.706070 0.000000
vt 0.575080 0.000000
vt 0.603834 0.000000
vt 0.709265 0.000000
vt 0.408946 0.000000
vt 0.600639 0.000000
vt 0.578275 0.000000
vt 0.712460 0.000000
vt 0.405751 0.000000
vt 0.597444 0.000000
vt 0.715655 0.000000
vt 0.594249 0.000000
vt 0.591054 0.000000
vt 0.587859 0.000000
vt 0.584665 0.000000
vt 0.581470 0.000000
vt 0.402556 0.000000
vt 0.718850 0.000000
vt 0.399361 0.000000
vt 0.722045 0.000000
vt 0.396166 0.000000
vt 0.725240 0.000000
vt 0.392971 0.000000
vt 0.728435 0.000000
vt 0.389776 0.000000
vt 0.731629 0.000000
vt 0.386581 0.000000
vt 0.734824 0.000000
vt 0.383387 0.000000
vt 0.738019 0.000000
vt 0.741214 0.000000
vt 0.744409 0.000000
vt 0.380192 0.000000
vt 0.747604 0.000000
vt 0.750799 0.000000
vt 0.376997 0.000000
vt 0.753994 0.000000
vt 0.757188 0.000000
vt 0.760383 0.000000
vt 0.373802 0.000000
vt 0.763578 0.000000
vt 0.766773 0.000000
vt 0.370607 0.000000
vt 0.769968 0.000000
vt 0.773163 0.000000
vt 0.776358 0.000000
vt 0.367412 0.000000
vt 0.779553 0.000000
vt 0.782748 0.000000
vt 0.785942 0.000000
vt 0.364217 0.000000
vt 0.789137 0.000000
vt 0.792332 0.000000
vt 0.795527 0.000000
vt 0.361022 0.000000
vt 0.798722 0.000000
vt 0.801917 0.000000
vt 0.805112 0.000000
vt 0.357827 0.000000
vt 0.808307 0.000000
vt 0.811502 0.000000
vt 0.814696 0.000000
vt 0.817891 0.000000
vt 0.354633 0.000000
vt 0.821086 0.000000
vt 0.824281 0.000000
vt 0.827476 0.000000
vt 0.351438 0.000000
vt 0.830671 0.000000
vt 0.833866 0.000000
vt 0.837061 0.000000
vt 0.840256 0.000000
vt 0.348243 0.000000
vt 0.843450 0.000000
vt 0.846645 0.000000
vt 0.849840 0.000000
vt 0.345048 0.000000
vt 0.853035 0.000000
vt 0.341853 0.000000
vt 0.856230 0.000000
vt 0.859425 0.000000
vt 0.338658 0.000000
vt 0.862620 0.000000
vt 0.335463 0.000000
vt 0.865815 0.000000
vt 0.332268 0.000000
vt 0.869010 0.000000
vt 0.329073 0.000000
vt 0.872204 0.000000
vt 0.325879 0.000000
vt 0.875399 0.000000
vt 0.322684 0.000000
vt 0.878594 0.000000
vt 0.319489 0.000000
vt 0.881789 0.000000
vt 0.316294 0.000000
vt 0.313099 0.000000
vt 0.884984 0.000000
vt 0.309904 0.000000
vt 0.888179 0.000000
vt 0.306709 0.000000
vt 0.303514 0.000000
vt 0.891374 0.000000
vt 0.300319 0.000000
vt 0.297125 0.000000
vt 0.894569 0.000000
vt 0.293930 0.000000
vt 0.290735 0.000000
vt 0.897764 0.000000
vt 0.287540 0.000000
vt 0.284345 0.000000
vt 0.900958 0.000000
vt 0.281150 0.000000
vt 0.277955 0.000000
vt 0.904153 0.000000
vt 0.274760 0.000000
vt 0.271565 0.000000
vt 0.907348 0.000000
vt 0.268371 0.000000
vt 0.265176 0.000000
vt 0.910543 0.000000
vt 0.261981 0.000000
vt 0.258786 0.000000
vt 0.913738 0.000000
vt 0.255591 0.000000
vt 0.252396 0.000000
vt 0.916933 0.000000
vt 0.249201 0.000000
vt 0.920128 0.000000
vt 0.246006 0.000000
vt 0.242812 0.000000
vt 0.923323 0.000000
vt 0.239617 0.000000
vt 0.236422 0.000000
vt 0.926518 0.000000
vt 0.233227 0.000000
vt 0.929712 0.000000
vt 0.230032 0.000000
vt 0.226837 0.000000
vt 0.932907 0.000000
vt 0.076677 0.000000
vt 0.083067 0.000000
vt 0.079872 0.000000
vt 0.223642 0.000000
vt 0.086262 0.000000
vt 0.936102 0.000000
vt 0.220447 0.000000
vt 0.089457 0.000000
vt 0.217252 0.000000
vt 0.939297 0.000000
vt 0.092652 0.000000
vt 0.214058 0.000000
vt 0.095847 0.000000
vt 0.942492 0.000000
vt 0.210863 0.000000
vt 0.099042 0.000000
vt 0.073482 0.000000
vt 0.207668 0.000000
vt 0.102236 0.000000
vt 0.945687 0.000000
vt 0.204473 0.000000
vt 0.070288 0.000000
vt 0.105431 0.000000
vt 0.201278 0.000000
vt 0.948882 0.000000
vt 0.108626 0.000000
vt 0.067093 0.000000
vt 0.198083 0.000000
vt 0.111821 0.000000
vt 0.063898 0.000000
vt 0.194888 0.000000
vt 0.952077 0.000000
vt 0.115016 0.000000
vt 0.191693 0.000000
vt 0.118211 0.000000
vt 0.060703 0.000000
vt 0.121406 0.000000
vt 0.188498 0.000000
vt 0.955272 0.000000
vt 0.124601 0.000000
vt 0.185304 0.000000
vt 0.057508 0.000000
vt 0.127796 0.000000
vt 0.182109 0.000000
vt 0.958466 0.000000
vt 0.130990 0.000000
vt 0.178914 0.000000
vt 0.054313 0.000000
vt 0.134185 0.000000
vt 0.175719 0.000000
vt 0.137380 0.000000
vt 0.172524 0.000000
vt 0.140575 0.000000
vt 0.961661 0.000000
vt 0.051118 0.000000
vt 0.169329 0.000000
vt 0.143770 0.000000
vt 0.166134 0.000000
vt 0.146965 0.000000
vt 0.162939 0.000000
vt 0.150160 0.000000
vt 0.159744 0.000000
vt 0.153355 0.000000
vt 0.156550 0.000000
vt 0.047923 0.000000
vt 0.964856 0.000000
vt 0.044728 0.000000
vt 0.968051 0.000000
vt 0.041534 0.000000
vt 0.971246 0.000000
vt 0.038339 0.000000
vt 0.974441 0.000000
vt 0.035144 0.000000
vt 0.031949 0.000000
vt 0.977636 0.000000
vt 0.028754 0.000000
vt 0.980831 0.000000
vt 0.025559 0.000000
vt 0.984026 0.000000
vt 0.022364 0.000000
vt 0.987220 0.000000
vt 0.019169 0.000000
vt 0.990415 0.000000
vt 0.015974 0.000000
vt 0.012780 0.000000
vt 0.993610 0.000000
vt 0.009585 0.000000
vt 0.996805 0.000000
vt 0.006390 0.000000
vt 1.000000 0.000000
vt 0.003195 0.000000
vt 0.000000 0.000000
vt 0.000000 1.000000
vt 0.003185 1.000000
vt 0.003185 0.000000
vt 0.006369 1.000000
vt 0.006369 0.000000
vt 0.009554 1.000000
vt 0.009554 0.000000
vt 0.012739 1.000000
vt 0.012739 0.000000
vt 0.015924 1.000000
vt 0.015924 0.000000
vt 0.019108 1.000000
vt 0.019108 0.000000
vt 0.022293 1.000000
vt 0.022293 0.000000
vt 0.025478 1.000000
vt 0.025478 0.000000
vt 0.028662 1.000000
vt 0.028662 0.000000
vt 0.031847 1.000000
vt 0.031847 0.000000
vt 0.035032 1.000000
vt 0.035032 0.000000
vt 0.038217 1.000000
vt 0.038217 0.000000
vt 0.041401 1.000000
vt 0.041401 0.000000
vt 0.044586 1.000000
vt 0.044586 0.000000
vt 0.047771 1.000000
vt 0.047771 0.000000
vt 0.050955 1.000000
vt 0.050955 0.000000
vt 0.054140 1.000000
vt 0.054140 0.000000
vt 0.057325 1.000000
vt 0.057325 0.000000
vt 0.060510 1.000000
vt 0.060510 0.000000
vt 0.063694 1.000000
vt 0.063694 0.000000
vt 0.066879 1.000000
vt 0.066879 0.000000
vt 0.070064 1.000000
vt 0.070064 0.000000
vt 0.073248 1.000000
vt 0.073248 0.000000
vt 0.076433 1.000000
vt 0.076433 0.000000
vt 0.079618 1.000000
vt 0.079618 0.000000
vt 0.082803 1.000000
vt 0.082803 0.000000
vt 0.085987 1.000000
vt 0.085987 0.000000
vt 0.089172 1.000000
vt 0.089172 0.000000
vt 0.092357 1.000000
vt 0.092357 0.000000
vt 0.095541 1.000000
vt 0.095541 0.000000
vt 0.098726 1.000000
vt 0.098726 0.000000
vt 0.101911 1.000000
vt 0.101911 0.000000
vt 0.105096 1.000000
vt 0.105096 0.000000
vt 0.108280 1.000000
vt 0.108280 0.000000
vt 0.111465 1.000000
vt 0.111465 0.000000
vt 0.114650 1.000000
vt 0.114650 0.000000
vt 0.117834 1.000000
vt 0.117834 0.000000
vt 0.121019 1.000000
vt 0.121019 0.000000
vt 0.124204 1.000000
vt 0.124204 0.000000
vt 0.127389 1.000000
vt 0.127389 0.000000
vt 0.130573 1.000000
vt 0.130573 0.000000
vt 0.133758 1.000000
vt 0.133758 0.000000
vt 0.136943 1.000000
vt 0.136943 0.000000
vt 0.140127 1.000000
vt 0.140127 0.000000
vt 0.143312 1.000000
vt 0.143312 0.000000
vt 0.146497 1.000000
vt 0.146497 0.000000
vt 0.149682 1.000000
vt 0.149682 0.000000
vt 0.152866 1.000000
vt 0.152866 0.000000
vt 0.156051 1.000000
vt 0.156051 0.000000
vt 0.159236 1.000000
vt 0.159236 0.000000
vt 0.162420 1.000000
vt 0.162420 0.000000
vt 0.165605 1.000000
vt 0.165605 0.000000
vt 0.168790 1.000000
vt 0.168790 0.000000
vt 0.171975 1.000000
vt 0.171975 0.000000
vt 0.175159 1.000000
vt 0.175159 0.000000
vt 0.178344 1.000000
vt 0.178344 0.000000
vt 0.181529 1.000000
vt 0.181529 0.000000
vt 0.184713 1.000000
vt 0.184713 0.000000
vt 0.187898 1.000000
vt 0.187898 0.000000
vt 0.191083 1.000000
vt 0.191083 0.000000
vt 0.194268 1.000000
vt 0.194268 0.000000
vt 0.197452 1.000000
vt 0.197452 0.000000
vt 0.200637 1.000000
vt 0.200637 0.000000
vt 0.203822 1.000000
vt 0.203822 0.000000
vt 0.207006 1.000000
vt 0.207006 0.000000
vt 0.210191 1.000000
vt 0.210191 0.000000
vt 0.213376 1.000000
vt 0.213376 0.000000
vt 0.216561 1.000000
vt 0.216561 0.000000
vt 0.219745 1.000000
vt 0.219745 0.000000
vt 0.222930 1.000000
vt 0.222930 0.000000
vt 0.226115 1.000000
vt 0.226115 0.000000
vt 0.229299 1.000000
vt 0.229299 0.000000
vt 0.232484 1.000000
vt 0.232484 0.000000
vt 0.235669 1.000000
vt 0.235669 0.000000
vt 0.238853 1.000000
vt 0.238853 0.000000
vt 0.242038 1.000000
vt 0.242038 0.000000
vt 0.245223 1.000000
vt 0.245223 0.000000
vt 0.248408 1.000000
vt 0.248408 0.000000
vt 0.251592 1.000000
vt 0.251592 0.000000
vt 0.254777 1.000000
vt 0.254777 0.000000
vt 0.257962 1.000000
vt 0.257962 0.000000
vt 0.261146 1.000000
vt 0.261146 0.000000
vt 0.264331 1.000000
vt 0.264331 0.000000
vt 0.267516 1.000000
vt 0.267516 0.000000
vt 0.270701 1.000000
vt 0.270701 0.000000
vt 0.273885 1.000000
vt 0.273885 0.000000
vt 0.277070 1.000000
vt 0.277070 0.000000
vt 0.280255 1.000000
vt 0.280255 0.000000
vt 0.283439 1.000000
vt 0.283439 0.000000
vt 0.286624 1.000000
vt 0.286624 0.000000
vt 0.289809 1.000000
vt 0.289809 0.000000
vt 0.292994 1.000000
vt 0.292994 0.000000
vt 0.296178 1.000000
vt 0.296178 0.000000
vt 0.299363 1.000000
vt 0.299363 0.000000
vt 0.302548 1.000000
vt 0.302548 0.000000
vt 0.305732 1.000000
vt 0.305732 0.000000
vt 0.308917 1.000000
vt 0.308917 0.000000
vt 0.312102 1.000000
vt 0.312102 0.000000
vt 0.315287 1.000000
vt 0.315287 0.000000
vt 0.318471 1.000000
vt 0.318471 0.000000
vt 0.321656 1.000000
vt 0.321656 0.000000
vt 0.324841 1.000000
vt 0.324841 0.000000
vt 0.328025 1.000000
vt 0.328025 0.000000
vt 0.331210 1.000000
vt 0.331210 0.000000
vt 0.334395 1.000000
vt 0.334395 0.000000
vt 0.337580 1.000000
vt 0.337580 0.000000
vt 0.340764 1.000000
vt 0.340764 0.000000
vt 0.343949 1.000000
vt 0.343949 0.000000
vt 0.347134 1.000000
vt 0.347134 0.000000
vt 0.350318 1.000000
vt 0.350318 0.000000
vt 0.353503 1.000000
vt 0.353503 0.000000
vt 0.356688 1.000000
vt 0.356688 0.000000
vt 0.359873 1.000000
vt 0.359873 0.000000
vt 0.363057 1.000000
vt 0.363057 0.000000
vt 0.366242 1.000000
vt 0.366242 0.000000
vt 0.369427 1.000000
vt 0.369427 0.000000
vt 0.372611 1.000000
vt 0.372611 0.000000
vt 0.375796 1.000000
vt 0.375796 0.000000
vt 0.378981 1.000000
vt 0.378981 0.000000
vt 0.382166 1.000000
vt 0.382166 0.000000
vt 0.385350 1.000000
vt 0.385350 0.000000
vt 0.388535 1.000000
vt 0.388535 0.000000
vt 0.391720 1.000000
vt 0.391720 0.000000
vt 0.394904 1.000000
vt 0.394904 0.000000
vt 0.398089 1.000000
vt 0.398089 0.000000
vt 0.401274 1.000000
vt 0.401274 0.000000
vt 0.404459 1.000000
vt 0.404459 0.000000
vt 0.407643 1.000000
vt 0.407643 0.000000
vt 0.410828 1.000000
vt 0.410828 0.000000
vt 0.414013 1.000000
vt 0.414013 0.000000
vt 0.417197 1.000000
vt 0.417197 0.000000
vt 0.420382 1.000000
vt 0.420382 0.000000
vt 0.423567 1.000000
vt 0.423567 0.000000
vt 0.426752 1.000000
vt 0.426752 0.000000
vt 0.429936 1.000000
vt 0.429936 0.000000
vt 0.433121 1.000000
vt 0.433121 0.000000
vt 0.436306 1.000000
vt 0.436306 0.000000
vt 0.439490 1.000000
vt 0.439490 0.000000
vt 0.442675 1.000000
vt 0.442675 0.000000
vt 0.445860 1.000000
vt 0.445860 0.000000
vt 0.449045 1.000000
vt 0.449045 0.000000
vt 0.452229 1.000000
vt 0.452229 0.000000
vt 0.455414 1.000000
vt 0.455414 0.000000
vt 0.458599 1.000000
vt 0.458599 0.000000
vt 0.461783 1.000000
vt 0.461783 0.000000
vt 0.464968 1.000000
vt 0.464968 0.000000
vt 0.468153 1.000000
vt 0.468153 0.000000
vt 0.471338 1.000000
vt 0.471338 0.000000
vt 0.474522 1.000000
vt 0.474522 0.000000
vt 0.477707 1.000000
vt 0.477707 0.000000
vt 0.480892 1.000000
vt 0.480892 0.000000
vt 0.484076 1.000000
vt 0.484076 0.000000
vt 0.487261 1.000000
vt 0.487261 0.000000
vt 0.490446 1.000000
vt 0.490446 0.000000
vt 0.493631 1.000000
vt 0.493631 0.000000
vt 0.496815 1.000000
vt 0.496815 0.000000
vt 0.500000 1.000000
vt 0.500000 0.000000
vt 0.503185 1.000000
vt 0.503185 0.000000
vt 0.506369 1.000000
vt 0.506369 0.000000
vt 0.509554 1.000000
vt 0.509554 0.000000
vt 0.512739 1.000000
vt 0.512739 0.000000
vt 0.515924 1.000000
vt 0.515924 0.000000
vt 0.519108 1.000000
vt 0.519108 0.000000
vt 0.522293 1.000000
vt 0.522293 0.000000
vt 0.525478 1.000000
vt 0.525478 0.000000
vt 0.528662 1.000000
vt 0.528662 0.000000
vt 0.531847 1.000000
vt 0.531847 0.000000
vt 0.535032 1.000000
vt 0.535032 0.000000
vt 0.538217 1.000000
vt 0.538217 0.000000
vt 0.541401 1.000000
vt 0.541401 0.000000
vt 0.544586 1.000000
vt 0.544586 0.000000
vt 0.547771 1.000000
vt 0.547771 0.000000
vt 0.550955 1.000000
vt 0.550955 0.000000
vt 0.554140 1.000000
vt 0.554140 0.000000
vt 0.557325 1.000000
vt 0.557325 0.000000
vt 0.560510 1.000000
vt 0.560510 0.000000
vt 0.563694 1.000000
vt 0.563694 0.000000
vt 0.566879 1.000000
vt 0.566879 0.000000
vt 0.570064 1.000000
vt 0.570064 0.000000
vt 0.573248 1.000000
vt 0.573248 0.000000
vt 0.576433 1.000000
vt 0.576433 0.000000
vt 0.579618 1.000000
vt 0.579618 0.000000
vt 0.582803 1.000000
vt 0.582803 0.000000
vt 0.585987 1.000000
vt 0.585987 0.000000
vt 0.589172 1.000000
vt 0.589172 0.000000
vt 0.592357 1.000000
vt 0.592357 0.000000
vt 0.595541 1.000000
vt 0.595541 0.000000
vt 0.598726 1.000000
vt 0.598726 0.000000
vt 0.601911 1.000000
vt 0.601911 0.000000
vt 0.605096 1.000000
vt 0.605096 0.000000
vt 0.608280 1.000000
vt 0.608280 0.000000
vt 0.611465 1.000000
vt 0.611465 0.000000
vt 0.614650 1.000000
vt 0.614650 0.000000
vt 0.617834 1.000000
vt 0.617834 0.000000
vt 0.621019 1.000000
vt 0.621019 0.000000
vt 0.624204 1.000000
vt 0.624204 0.000000
vt 0.627389 1.000000
vt 0.627389 0.000000
vt 0.630573 1.000000
vt 0.630573 0.000000
vt 0.633758 1.000000
vt 0.633758 0.000000
vt 0.636943 1.000000
vt 0.636943 0.000000
vt 0.640127 1.000000
vt 0.640127 0.000000
vt 0.643312 1.000000
vt 0.643312 0.000000
vt 0.646497 1.000000
vt 0.646497 0.000000
vt 0.649682 1.000000
vt 0.649682 0.000000
vt 0.652866 1.000000
vt 0.652866 0.000000
vt 0.656051 1.000000
vt 0.656051 0.000000
vt 0.659236 1.000000
vt 0.659236 0.000000
vt 0.662420 1.000000
vt 0.662420 0.000000
vt 0.665605 1.000000
vt 0.665605 0.000000
vt 0.668790 1.000000
vt 0.668790 0.000000
vt 0.671975 1.000000
vt 0.671975 0.000000
vt 0.675159 1.000000
vt 0.675159 0.000000
vt 0.678344 1.000000
vt 0.678344 0.000000
vt 0.681529 1.000000
vt 0.681529 0.000000
vt 0.684713 1.000000
vt 0.684713 0.000000
vt 0.687898 1.000000
vt 0.687898 0.000000
vt 0.691083 1.000000
vt 0.691083 0.000000
vt 0.694268 1.000000
vt 0.694268 0.000000
vt 0.697452 1.000000
vt 0.697452 0.000000
vt 0.700637 1.000000
vt 0.700637 0.000000
vt 0.703822 1.000000
vt 0.703822 0.000000
vt 0.707006 1.000000
vt 0.707006 0.000000
vt 0.710191 1.000000
vt 0.710191 0.000000
vt 0.713376 1.000000
vt 0.713376 0.000000
vt 0.716560 1.000000
vt 0.716560 0.000000
vt 0.719745 1.000000
vt 0.719745 0.000000
vt 0.722930 1.000000
vt 0.722930 0.000000
vt 0.726115 1.000000
vt 0.726115 0.000000
vt 0.729299 1.000000
vt 0.729299 0.000000
vt 0.732484 1.000000
vt 0.732484 0.000000
vt 0.735669 1.000000
vt 0.735669 0.000000
vt 0.738854 1.000000
vt 0.738854 0.000000
vt 0.742038 1.000000
vt 0.742038 0.000000
vt 0.745223 1.000000
vt 0.745223 0.000000
vt 0.748408 1.000000
vt 0.748408 0.000000
vt 0.751592 1.000000
vt 0.751592 0.000000
vt 0.754777 1.000000
vt 0.754777 0.000000
vt 0.757962 1.000000
vt 0.757962 0.000000
vt 0.761146 1.000000
vt 0.761146 0.000000
vt 0.764331 1.000000
vt 0.764331 0.000000
vt 0.767516 1.000000
vt 0.767516 0.000000
vt 0.770701 1.000000
vt 0.770701 0.000000
vt 0.773885 1.000000
vt 0.773885 0.000000
vt 0.777070 1.000000
vt 0.777070 0.000000
vt 0.780255 1.000000
vt 0.780255 0.000000
vt 0.783440 1.000000
vt 0.783440 0.000000
vt 0.786624 1.000000
vt 0.786624 0.000000
vt 0.789809 1.000000
vt 0.789809 0.000000
vt 0.792994 1.000000
vt 0.792994 0.000000
vt 0.796178 1.000000
vt 0.796178 0.000000
vt 0.799363 1.000000
vt 0.799363 0.000000
vt 0.802548 1.000000
vt 0.802548 0.000000
vt 0.805732 1.000000
vt 0.805732 0.000000
vt 0.808917 1.000000
vt 0.808917 0.000000
vt 0.812102 1.000000
vt 0.812102 0.000000
vt 0.815287 1.000000
vt 0.815287 0.000000
vt 0.818471 1.000000
vt 0.818471 0.000000
vt 0.821656 1.000000
vt 0.821656 0.000000
vt 0.824841 1.000000
vt 0.824841 0.000000
vt 0.828025 1.000000
vt 0.828025 0.000000
vt 0.831210 1.000000
vt 0.831210 0.000000
vt 0.834395 1.000000
vt 0.834395 0.000000
vt 0.837580 1.000000
vt 0.837580 0.000000
vt 0.840764 1.000000
vt 0.840764 0.000000
vt 0.843949 1.000000
vt 0.843949 0.000000
vt 0.847134 1.000000
vt 0.847134 0.000000
vt 0.850318 1.000000
vt 0.850318 0.000000
vt 0.853503 1.000000
vt 0.853503 0.000000
vt 0.856688 1.000000
vt 0.856688 0.000000
vt 0.859873 1.000000
vt 0.859873 0.000000
vt 0.863057 1.000000
vt 0.863057 0.000000
vt 0.866242 1.000000
vt 0.866242 0.000000
vt 0.869427 1.000000
vt 0.869427 0.000000
vt 0.872611 1.000000
vt 0.872611 0.000000
vt 0.875796 1.000000
vt 0.875796 0.000000
vt 0.878981 1.000000
vt 0.878981 0.000000
vt 0.882166 1.000000
vt 0.882166 0.000000
vt 0.885350 1.000000
vt 0.885350 0.000000
vt 0.888535 1.000000
vt 0.888535 0.000000
vt 0.891720 1.000000
vt 0.891720 0.000000
vt 0.894904 1.000000
vt 0.894904 0.000000
vt 0.898089 1.000000
vt 0.898089 0.000000
vt 0.901274 1.000000
vt 0.901274 0.000000
vt 0.904459 1.000000
vt 0.904459 0.000000
vt 0.907643 1.000000
vt 0.907643 0.000000
vt 0.910828 1.000000
vt 0.910828 0.000000
vt 0.914013 1.000000
vt 0.914013 0.000000
vt 0.917197 1.000000
vt 0.917197 0.000000
vt 0.920382 1.000000
vt 0.920382 0.000000
vt 0.923567 1.000000
vt 0.923567 0.000000
vt 0.926752 1.000000
vt 0.926752 0.000000
vt 0.929936 1.000000
vt 0.929936 0.000000
vt 0.933121 1.000000
vt 0.933121 0.000000
vt 0.936306 1.000000
vt 0.936306 0.000000
vt 0.939490 1.000000
vt 0.939490 0.000000
vt 0.942675 1.000000
vt 0.942675 0.000000
vt 0.945860 1.000000
vt 0.945860 0.000000
vt 0.949045 1.000000
vt 0.949045 0.000000
vt 0.952229 1.000000
vt 0.952229 0.000000
vt 0.955414 1.000000
vt 0.955414 0.000000
vt 0.958599 1.000000
vt 0.958599 0.000000
vt 0.961783 1.000000
vt 0.961783 0.000000
vt 0.964968 1.000000
vt 0.964968 0.000000
vt 0.968153 1.000000
vt 0.968153 0.000000
vt 0.971338 1.000000
vt 0.971338 0.000000
vt 0.974522 1.000000
vt 0.974522 0.000000
vt 0.977707 1.000000
vt 0.977707 0.000000
vt 0.980892 1.000000
vt 0.980892 0.000000
vt 0.984076 1.000000
vt 0.984076 0.000000
vt 0.987261 1.000000
vt 0.987261 0.000000
vt 0.990446 1.000000
vt 0.990446 0.000000
vt 0.993631 1.000000
vt 0.993631 0.000000
vt 0.996815 1.000000
vt 0.996815 0.000000
vt 1.000000 1.000000
s 0
usemtl Material.001
f 157/1/1 159/2/1 158/3/1
f 156/4/1 159/2/1 157/1/1
f 156/4/1 160/5/1 159/2/1
f 155/6/1 160/5/1 156/4/1
f 155/6/1 161/7/1 160/5/1
f 154/8/1 161/7/1 155/6/1
f 154/8/1 162/9/1 161/7/1
f 153/10/1 162/9/1 154/8/1
f 152/11/1 162/9/1 153/10/1
f 152/11/1 163/12/1 162/9/1
f 151/13/1 163/12/1 152/11/1
f 151/13/1 164/14/1 163/12/1
f 150/15/1 164/14/1 151/13/1
f 150/15/1 165/16/1 164/14/1
f 149/17/1 165/16/1 150/15/1
f 149/17/1 166/18/1 165/16/1
f 148/19/1 166/18/1 149/17/1
f 147/20/1 166/18/1 148/19/1
f 147/20/1 167/21/1 166/18/1
f 146/22/1 167/21/1 147/20/1
f 146/22/1 168/23/1 167/21/1
f 145/24/1 168/23/1 146/22/1
f 145/24/1 169/25/1 168/23/1
f 144/26/1 169/25/1 145/24/1
f 144/26/1 170/27/1 169/25/1
f 143/28/1 170/27/1 144/26/1
f 142/29/1 170/27/1 143/28/1
f 142/29/1 171/30/1 170/27/1
f 141/31/1 171/30/1 142/29/1
f 141/31/1 172/32/1 171/30/1
f 140/33/1 172/32/1 141/31/1
f 140/33/1 173/34/1 172/32/1
f 139/35/1 173/34/1 140/33/1
f 139/35/1 174/36/1 173/34/1
f 138/37/1 174/36/1 139/35/1
f 137/38/1 174/36/1 138/37/1
f 137/38/1 175/39/1 174/36/1
f 136/40/1 207/41/1 137/38/1
f 207/41/1 175/39/1 137/38/1
f 207/41/1 206/42/1 175/39/1
f 206/42/1 176/43/1 175/39/1
f 136/40/1 208/44/1 207/41/1
f 205/45/1 176/43/1 206/42/1
f 136/40/1 209/46/1 208/44/1
f 204/47/1 176/43/1 205/45/1
f 136/40/1 210/48/1 209/46/1
f 203/49/1 176/43/1 204/47/1
f 136/40/1 211/50/1 210/48/1
f 202/51/1 176/43/1 203/49/1
f 136/40/1 212/52/1 211/50/1
f 135/53/1 212/52/1 136/40/1
f 201/54/1 176/43/1 202/51/1
f 135/53/1 213/55/1 212/52/1
f 200/56/1 176/43/1 201/54/1
f 200/56/1 177/57/1 176/43/1
f 135/53/1 214/58/1 213/55/1
f 199/59/1 177/57/1 200/56/1
f 134/60/1 214/58/1 135/53/1
f 134/60/1 215/61/1 214/58/1
f 198/62/1 177/57/1 199/59/1
f 134/60/1 216/63/1 215/61/1
f 197/64/1 177/57/1 198/62/1
f 197/64/1 178/65/1 177/57/1
f 134/60/1 217/66/1 216/63/1
f 133/67/1 217/66/1 134/60/1
f 196/68/1 178/65/1 197/64/1
f 133/67/1 218/69/1 217/66/1
f 195/70/1 178/65/1 196/68/1
f 195/70/1 179/71/1 178/65/1
f 132/72/1 218/69/1 133/67/1
f 194/73/1 179/71/1 195/70/1
f 132/72/1 219/74/1 218/69/1
f 193/75/1 179/71/1 194/73/1
f 132/72/1 220/76/1 219/74/1
f 131/77/1 220/76/1 132/72/1
f 193/75/1 180/78/1 179/71/1
f 192/79/1 180/78/1 193/75/1
f 131/77/1 221/80/1 220/76/1
f 191/81/1 180/78/1 192/79/1
f 130/82/1 221/80/1 131/77/1
f 130/82/1 222/83/1 221/80/1
f 191/81/1 181/84/1 180/78/1
f 190/85/1 181/84/1 191/81/1
f 130/82/1 223/86/1 222/83/1
f 129/87/1 223/86/1 130/82/1
f 189/88/1 181/84/1 190/85/1
f 189/88/1 182/89/1 181/84/1
f 129/87/1 224/90/1 223/86/1
f 128/91/1 224/90/1 129/87/1
f 188/92/1 182/89/1 189/88/1
f 128/91/1 225/93/1 224/90/1
f 188/92/1 187/94/1 182/89/1
f 187/94/1 186/95/1 182/89/1
f 186/95/1 185/96/1 182/89/1
f 185/96/1 184/97/1 182/89/1
f 184/97/1 183/98/1 182/89/1
f 127/99/1 225/93/1 128/91/1
f 127/99/1 226/100/1 225/93/1
f 126/101/1 226/100/1 127/99/1
f 126/101/1 227/102/1 226/100/1
f 125/103/1 227/102/1 126/101/1
f 125/103/1 228/104/1 227/102/1
f 124/105/1 228/104/1 125/103/1
f 124/105/1 229/106/1 228/104/1
f 123/107/1 229/106/1 124/105/1
f 123/107/1 230/108/1 229/106/1
f 122/109/1 230/108/1 123/107/1
f 122/109/1 231/110/1 230/108/1
f 121/111/1 231/110/1 122/109/1
f 121/111/1 232/112/1 231/110/1
f 121/111/1 233/113/1 232/112/1
f 121/111/1 234/114/1 233/113/1
f 120/115/1 234/114/1 121/111/1
f 120/115/1 235/116/1 234/114/1
f 120/115/1 236/117/1 235/116/1
f 119/118/1 236/117/1 120/115/1
f 119/118/1 237/119/1 236/117/1
f 119/118/1 238/120/1 237/119/1
f 119/118/1 239/121/1 238/120/1
f 118/122/1 239/121/1 119/118/1
f 118/122/1 240/123/1 239/121/1
f 118/122/1 241/124/1 240/123/1
f 117/125/1 241/124/1 118/122/1
f 117/125/1 242/126/1 241/124/1
f 117/125/1 243/127/1 242/126/1
f 117/125/1 244/128/1 243/127/1
f 116/129/1 244/128/1 117/125/1
f 116/129/1 245/130/1 244/128/1
f 116/129/1 246/131/1 245/130/1
f 116/129/1 247/132/1 246/131/1
f 115/133/1 247/132/1 116/129/1
f 115/133/1 248/134/1 247/132/1
f 115/133/1 249/135/1 248/134/1
f 115/133/1 250/136/1 249/135/1
f 114/137/1 250/136/1 115/133/1
f 114/137/1 251/138/1 250/136/1
f 114/137/1 252/139/1 251/138/1
f 114/137/1 253/140/1 252/139/1
f 113/141/1 253/140/1 114/137/1
f 113/141/1 254/142/1 253/140/1
f 113/141/1 255/143/1 254/142/1
f 113/141/1 256/144/1 255/143/1
f 113/141/1 257/145/1 256/144/1
f 112/146/1 257/145/1 113/141/1
f 112/146/1 258/147/1 257/145/1
f 112/146/1 259/148/1 258/147/1
f 112/146/1 260/149/1 259/148/1
f 111/150/1 260/149/1 112/146/1
f 111/150/1 261/151/1 260/149/1
f 111/150/1 262/152/1 261/151/1
f 111/150/1 263/153/1 262/152/1
f 111/150/1 264/154/1 263/153/1
f 110/155/1 264/154/1 111/150/1
f 110/155/1 265/156/1 264/154/1
f 110/155/1 266/157/1 265/156/1
f 110/155/1 267/158/1 266/157/1
f 109/159/1 267/158/1 110/155/1
f 109/159/1 268/160/1 267/158/1
f 108/161/1 268/160/1 109/159/1
f 108/161/1 269/162/1 268/160/1
f 108/161/1 270/163/1 269/162/1
f 107/164/1 270/163/1 108/161/1
f 107/164/1 271/165/1 270/163/1
f 106/166/1 271/165/1 107/164/1
f 106/166/1 272/167/1 271/165/1
f 105/168/1 272/167/1 106/166/1
f 105/168/1 273/169/1 272/167/1
f 104/170/1 273/169/1 105/168/1
f 104/170/1 274/171/1 273/169/1
f 103/172/1 274/171/1 104/170/1
f 103/172/1 275/173/1 274/171/1
f 102/174/1 275/173/1 103/172/1
f 102/174/1 276/175/1 275/173/1
f 101/176/1 276/175/1 102/174/1
f 101/176/1 277/177/1 276/175/1
f 100/178/1 277/177/1 101/176/1
f 99/179/1 277/177/1 100/178/1
f 99/179/1 278/180/1 277/177/1
f 98/181/1 278/180/1 99/179/1
f 98/181/1 279/182/1 278/180/1
f 97/183/1 279/182/1 98/181/1
f 96/184/1 279/182/1 97/183/1
f 96/184/1 280/185/1 279/182/1
f 95/186/1 280/185/1 96/184/1
f 94/187/1 280/185/1 95/186/1
f 94/187/1 281/188/1 280/185/1
f 93/189/1 281/188/1 94/187/1
f 92/190/1 281/188/1 93/189/1
f 92/190/1 282/191/1 281/188/1
f 91/192/1 282/191/1 92/190/1
f 90/193/1 282/191/1 91/192/1
f 90/193/1 283/194/1 282/191/1
f 89/195/1 283/194/1 90/193/1
f 88/196/1 283/194/1 89/195/1
f 88/196/1 284/197/1 283/194/1
f 87/198/1 284/197/1 88/196/1
f 86/199/1 284/197/1 87/198/1
f 86/199/1 285/200/1 284/197/1
f 85/201/1 285/200/1 86/199/1
f 84/202/1 285/200/1 85/201/1
f 84/202/1 286/203/1 285/200/1
f 83/204/1 286/203/1 84/202/1
f 82/205/1 286/203/1 83/204/1
f 82/205/1 287/206/1 286/203/1
f 81/207/1 287/206/1 82/205/1
f 80/208/1 287/206/1 81/207/1
f 80/208/1 288/209/1 287/206/1
f 79/210/1 288/209/1 80/208/1
f 79/210/1 289/211/1 288/209/1
f 78/212/1 289/211/1 79/210/1
f 77/213/1 289/211/1 78/212/1
f 77/213/1 290/214/1 289/211/1
f 76/215/1 290/214/1 77/213/1
f 75/216/1 290/214/1 76/215/1
f 75/216/1 291/217/1 290/214/1
f 74/218/1 291/217/1 75/216/1
f 74/218/1 292/219/1 291/217/1
f 73/220/1 292/219/1 74/218/1
f 72/221/1 292/219/1 73/220/1
f 72/221/1 293/222/1 292/219/1
f 25/223/1 27/224/1 26/225/1
f 71/226/1 293/222/1 72/221/1
f 25/223/1 28/227/1 27/224/1
f 71/226/1 294/228/1 293/222/1
f 70/229/1 294/228/1 71/226/1
f 25/223/1 29/230/1 28/227/1
f 69/231/1 294/228/1 70/229/1
f 69/231/1 295/232/1 294/228/1
f 25/223/1 30/233/1 29/230/1
f 68/234/1 295/232/1 69/231/1
f 25/223/1 31/235/1 30/233/1
f 68/234/1 296/236/1 295/232/1
f 67/237/1 296/236/1 68/234/1
f 25/223/1 32/238/1 31/235/1
f 24/239/1 32/238/1 25/223/1
f 66/240/1 296/236/1 67/237/1
f 24/239/1 33/241/1 32/238/1
f 66/240/1 297/242/1 296/236/1
f 65/243/1 297/242/1 66/240/1
f 23/244/1 33/241/1 24/239/1
f 23/244/1 34/245/1 33/241/1
f 64/246/1 297/242/1 65/243/1
f 64/246/1 298/247/1 297/242/1
f 23/244/1 35/248/1 34/245/1
f 22/249/1 35/248/1 23/244/1
f 63/250/1 298/247/1 64/246/1
f 22/249/1 36/251/1 35/248/1
f 21/252/1 36/251/1 22/249/1
f 62/253/1 298/247/1 63/250/1
f 62/253/1 299/254/1 298/247/1
f 21/252/1 37/255/1 36/251/1
f 61/256/1 299/254/1 62/253/1
f 21/252/1 38/257/1 37/255/1
f 20/258/1 38/257/1 21/252/1
f 20/258/1 39/259/1 38/257/1
f 60/260/1 299/254/1 61/256/1
f 60/260/1 300/261/1 299/254/1
f 20/258/1 40/262/1 39/259/1
f 59/263/1 300/261/1 60/260/1
f 19/264/1 40/262/1 20/258/1
f 19/264/1 41/265/1 40/262/1
f 58/266/1 300/261/1 59/263/1
f 58/266/1 301/267/1 300/261/1
f 19/264/1 42/268/1 41/265/1
f 57/269/1 301/267/1 58/266/1
f 18/270/1 42/268/1 19/264/1
f 18/270/1 43/271/1 42/268/1
f 56/272/1 301/267/1 57/269/1
f 18/270/1 44/273/1 43/271/1
f 55/274/1 301/267/1 56/272/1
f 18/270/1 45/275/1 44/273/1
f 55/274/1 302/276/1 301/267/1
f 17/277/1 45/275/1 18/270/1
f 54/278/1 302/276/1 55/274/1
f 17/277/1 46/279/1 45/275/1
f 53/280/1 302/276/1 54/278/1
f 17/277/1 47/281/1 46/279/1
f 52/282/1 302/276/1 53/280/1
f 17/277/1 48/283/1 47/281/1
f 51/284/1 302/276/1 52/282/1
f 17/277/1 49/285/1 48/283/1
f 50/286/1 302/276/1 51/284/1
f 17/277/1 50/286/1 49/285/1
f 17/277/1 302/276/1 50/286/1
f 16/287/1 302/276/1 17/277/1
f 16/287/1 303/288/1 302/276/1
f 15/289/1 303/288/1 16/287/1
f 15/289/1 304/290/1 303/288/1
f 14/291/1 304/290/1 15/289/1
f 14/291/1 305/292/1 304/290/1
f 13/293/1 305/292/1 14/291/1
f 13/293/1 306/294/1 305/292/1
f 12/295/1 306/294/1 13/293/1
f 11/296/1 306/294/1 12/295/1
f 11/296/1 307/297/1 306/294/1
f 10/298/1 307/297/1 11/296/1
f 10/298/1 308/299/1 307/297/1
f 9/300/1 308/299/1 10/298/1
f 9/300/1 309/301/1 308/299/1
f 8/302/1 309/301/1 9/300/1
f 8/302/1 310/303/1 309/301/1
f 7/304/1 310/303/1 8/302/1
f 7/304/1 311/305/1 310/303/1
f 6/306/1 311/305/1 7/304/1
f 5/307/1 311/305/1 6/306/1
f 5/307/1 312/308/1 311/305/1
f 4/309/1 312/308/1 5/307/1
f 4/309/1 313/310/1 312/308/1
f 3/311/1 313/310/1 4/309/1
f 3/311/1 314/312/1 313/310/1
f 2/313/1 314/312/1 3/311/1
f 2/313/1 1/314/1 314/312/1
f 471/1/2 472/3/2 473/2/2
f 470/4/2 471/1/2 473/2/2
f 470/4/2 473/2/2 474/5/2
f 469/6/2 470/4/2 474/5/2
f 469/6/2 474/5/2 475/7/2
f 468/8/2 469/6/2 475/7/2
f 468/8/2 475/7/2 476/9/2
f 467/10/2 468/8/2 476/9/2
f 466/11/2 467/10/2 476/9/2
f 466/11/2 476/9/2 477/12/2
f 465/13/2 466/11/2 477/12/2
f 465/13/2 477/12/2 478/14/2
f 464/15/2 465/13/2 478/14/2
f 464/15/2 478/14/2 479/16/2
f 463/17/2 464/15/2 479/16/2
f 463/17/2 479/16/2 480/18/2
f 462/19/2 463/17/2 480/18/2
f 461/20/2 462/19/2 480/18/2
f 461/20/2 480/18/2 481/21/2
f 460/22/2 461/20/2 481/21/2
f 460/22/2 481/21/2 482/23/2
f 459/24/2 460/22/2 482/23/2
f 459/24/2 482/23/2 483/25/2
f 458/26/2 459/24/2 483/25/2
f 458/26/2 483/25/2 484/27/2
f 457/28/2 458/26/2 484/27/2
f 456/29/2 457/28/2 484/27/2
f 456/29/2 484/27/2 485/30/2
f 455/31/2 456/29/2 485/30/2
f 455/31/2 485/30/2 486/32/2
f 454/33/2 455/31/2 486/32/2
f 454/33/2 486/32/2 487/34/2
f 453/35/2 454/33/2 487/34/2
f 453/35/2 487/34/2 488/36/2
f 452/37/2 453/35/2 488/36/2
f 451/38/2 452/37/2 488/36/2
f 451/38/2 488/36/2 489/39/2
f 450/40/2 451/38/2 521/41/2
f 521/41/2 451/38/2 489/39/2
f 521/41/2 489/39/2 520/42/2
f 520/42/2 489/39/2 490/43/2
f 450/40/2 521/41/2 522/44/2
f 519/45/2 520/42/2 490/43/2
f 450/40/2 522/44/2 523/46/2
f 518/47/2 519/45/2 490/43/2
f 450/40/2 523/46/2 524/48/2
f 517/49/2 518/47/2 490/43/2
f 450/40/2 524/48/2 525/50/2
f 516/51/2 517/49/2 490/43/2
f 450/40/2 525/50/2 526/52/2
f 449/53/2 450/40/2 526/52/2
f 515/54/2 516/51/2 490/43/2
f 449/53/2 526/52/2 527/55/2
f 514/56/2 515/54/2 490/43/2
f 514/56/2 490/43/2 491/57/2
f 449/53/2 527/55/2 528/58/2
f 513/59/2 514/56/2 491/57/2
f 448/60/2 449/53/2 528/58/2
f 448/60/2 528/58/2 529/61/2
f 512/62/2 513/59/2 491/57/2
f 448/60/2 529/61/2 530/63/2
f 511/64/2 512/62/2 491/57/2
f 511/64/2 491/57/2 492/65/2
f 448/60/2 530/63/2 531/66/2
f 447/67/2 448/60/2 531/66/2
f 510/68/2 511/64/2 492/65/2
f 447/67/2 531/66/2 532/69/2
f 509/70/2 510/68/2 492/65/2
f 509/70/2 492/65/2 493/71/2
f 446/72/2 447/67/2 532/69/2
f 508/73/2 509/70/2 493/71/2
f 446/72/2 532/69/2 533/74/2
f 507/75/2 508/73/2 493/71/2
f 446/72/2 533/74/2 534/76/2
f 445/77/2 446/72/2 534/76/2
f 507/75/2 493/71/2 494/78/2
f 506/79/2 507/75/2 494/78/2
f 445/77/2 534/76/2 535/80/2
f 505/81/2 506/79/2 494/78/2
f 444/82/2 445/77/2 535/80/2
f 444/82/2 535/80/2 536/83/2
f 505/81/2 494/78/2 495/84/2
f 504/85/2 505/81/2 495/84/2
f 444/82/2 536/83/2 537/86/2
f 443/87/2 444/82/2 537/86/2
f 503/88/2 504/85/2 495/84/2
f 503/88/2 495/84/2 496/89/2
f 443/87/2 537/86/2 538/90/2
f 442/91/2 443/87/2 538/90/2
f 502/92/2 503/88/2 496/89/2
f 442/91/2 538/90/2 539/93/2
f 502/92/2 496/89/2 501/94/2
f 501/94/2 496/89/2 500/95/2
f 500/95/2 496/89/2 499/96/2
f 499/96/2 496/89/2 498/97/2
f 498/97/2 496/89/2 497/98/2
f 441/99/2 442/91/2 539/93/2
f 441/99/2 539/93/2 540/100/2
f 440/101/2 441/99/2 540/100/2
f 440/101/2 540/100/2 541/102/2
f 439/103/2 440/101/2 541/102/2
f 439/103/2 541/102/2 542/104/2
f 438/105/2 439/103/2 542/104/2
f 438/105/2 542/104/2 543/106/2
f 437/107/2 438/105/2 543/106/2
f 437/107/2 543/106/2 544/108/2
f 436/109/2 437/107/2 544/108/2
f 436/109/2 544/108/2 545/110/2
f 435/111/2 436/109/2 545/110/2
f 435/111/2 545/110/2 546/112/2
f 435/111/2 546/112/2 547/113/2
f 435/111/2 547/113/2 548/114/2
f 434/115/2 435/111/2 548/114/2
f 434/115/2 548/114/2 549/116/2
f 434/115/2 549/116/2 550/117/2
f 433/118/2 434/115/2 550/117/2
f 433/118/2 550/117/2 551/119/2
f 433/118/2 551/119/2 552/120/2
f 433/118/2 552/120/2 553/121/2
f 432/122/2 433/118/2 553/121/2
f 432/122/2 553/121/2 554/123/2
f 432/122/2 554/123/2 555/124/2
f 431/125/2 432/122/2 555/124/2
f 431/125/2 555/124/2 556/126/2
f 431/125/2 556/126/2 557/127/2
f 431/125/2 557/127/2 558/128/2
f 430/129/2 431/125/2 558/128/2
f 430/129/2 558/128/2 559/130/2
f 430/129/2 559/130/2 560/131/2
f 430/129/2 560/131/2 561/132/2
f 429/133/2 430/129/2 561/132/2
f 429/133/2 561/132/2 562/134/2
f 429/133/2 562/134/2 563/135/2
f 429/133/2 563/135/2 564/136/2
f 428/137/2 429/133/2 564/136/2
f 428/137/2 564/136/2 565/138/2
f 428/137/2 565/138/2 566/139/2
f 428/137/2 566/139/2 567/140/2
f 427/141/2 428/137/2 567/140/2
f 427/141/2 567/140/2 568/142/2
f 427/141/2 568/142/2 569/143/2
f 427/141/2 569/143/2 570/144/2
f 427/141/2 570/144/2 571/145/2
f 426/146/2 427/141/2 571/145/2
f 426/146/2 571/145/2 572/147/2
f 426/146/2 572/147/2 573/148/2
f 426/146/2 573/148/2 574/149/2
f 425/150/2 426/146/2 574/149/2
f 425/150/2 574/149/2 575/151/2
f 425/150/2 575/151/2 576/152/2
f 425/150/2 576/152/2 577/153/2
f 425/150/2 577/153/2 578/154/2
f 424/155/2 425/150/2 578/154/2
f 424/155/2 578/154/2 579/156/2
f 424/155/2 579/156/2 580/157/2
f 424/155/2 580/157/2 581/158/2
f 423/159/2 424/155/2 581/158/2
f 423/159/2 581/158/2 582/160/2
f 422/161/2 423/159/2 582/160/2
f 422/161/2 582/160/2 583/162/2
f 422/161/2 583/162/2 584/163/2
f 421/164/2 422/161/2 584/163/2
f 421/164/2 584/163/2 585/165/2
f 420/166/2 421/164/2 585/165/2
f 420/166/2 585/165/2 586/167/2
f 419/168/2 420/166/2 586/167/2
f 419/168/2 586/167/2 587/169/2
f 418/170/2 419/168/2 587/169/2
f 418/170/2 587/169/2 588/171/2
f 417/172/2 418/170/2 588/171/2
f 417/172/2 588/171/2 589/173/2
f 416/174/2 417/172/2 589/173/2
f 416/174/2 589/173/2 590/175/2
f 415/176/2 416/174/2 590/175/2
f 415/176/2 590/175/2 591/177/2
f 414/178/2 415/176/2 591/177/2
f 413/179/2 414/178/2 591/177/2
f 413/179/2 591/177/2 592/180/2
f 412/181/2 413/179/2 592/180/2
f 412/181/2 592/180/2 593/182/2
f 411/183/2 412/181/2 593/182/2
f 410/184/2 411/183/2 593/182/2
f 410/184/2 593/182/2 594/185/2
f 409/186/2 410/184/2 594/185/2
f 408/187/2 409/186/2 594/185/2
f 408/187/2 594/185/2 595/188/2
f 407/189/2 408/187/2 595/188/2
f 406/190/2 407/189/2 595/188/2
f 406/190/2 595/188/2 596/191/2
f 405/192/2 406/190/2 596/191/2
f 404/193/2 405/192/2 596/191/2
f 404/193/2 596/191/2 597/194/2
f 403/195/2 404/193/2 597/194/2
f 402/196/2 403/195/2 597/194/2
f 402/196/2 597/194/2 598/197/2
f 401/198/2 402/196/2 598/197/2
f 400/199/2 401/198/2 598/197/2
f 400/199/2 598/197/2 599/200/2
f 399/201/2 400/199/2 599/200/2
f 398/202/2 399/201/2 599/200/2
f 398/202/2 599/200/2 600/203/2
f 397/204/2 398/202/2 600/203/2
f 396/205/2 397/204/2 600/203/2
f 396/205/2 600/203/2 601/206/2
f 395/207/2 396/205/2 601/206/2
f 394/208/2 395/207/2 601/206/2
f 394/208/2 601/206/2 602/209/2
f 393/210/2 394/208/2 602/209/2
f 393/210/2 602/209/2 603/211/2
f 392/212/2 393/210/2 603/211/2
f 391/213/2 392/212/2 603/211/2
f 391/213/2 603/211/2 604/214/2
f 390/215/2 391/213/2 604/214/2
f 389/216/2 390/215/2 604/214/2
f 389/216/2 604/214/2 605/217/2
f 388/218/2 389/216/2 605/217/2
f 388/218/2 605/217/2 606/219/2
f 387/220/2 388/218/2 606/219/2
f 386/221/2 387/220/2 606/219/2
f 386/221/2 606/219/2 607/222/2
f 339/223/2 340/225/2 341/224/2
f 385/226/2 386/221/2 607/222/2
f 339/223/2 341/224/2 342/227/2
f 385/226/2 607/222/2 608/228/2
f 384/229/2 385/226/2 608/228/2
f 339/223/2 342/227/2 343/230/2
f 383/231/2 384/229/2 608/228/2
f 383/231/2 608/228/2 609/232/2
f 339/223/2 343/230/2 344/233/2
f 382/234/2 383/231/2 609/232/2
f 339/223/2 344/233/2 345/235/2
f 382/234/2 609/232/2 610/236/2
f 381/237/2 382/234/2 610/236/2
f 339/223/2 345/235/2 346/238/2
f 338/239/2 339/223/2 346/238/2
f 380/240/2 381/237/2 610/236/2
f 338/239/2 346/238/2 347/241/2
f 380/240/2 610/236/2 611/242/2
f 379/243/2 380/240/2 611/242/2
f 337/244/2 338/239/2 347/241/2
f 337/244/2 347/241/2 348/245/2
f 378/246/2 379/243/2 611/242/2
f 378/246/2 611/242/2 612/247/2
f 337/244/2 348/245/2 349/248/2
f 336/249/2 337/244/2 349/248/2
f 377/250/2 378/246/2 612/247/2
f 336/249/2 349/248/2 350/251/2
f 335/252/2 336/249/2 350/251/2
f 376/253/2 377/250/2 612/247/2
f 376/253/2 612/247/2 613/254/2
f 335/252/2 350/251/2 351/255/2
f 375/256/2 376/253/2 613/254/2
f 335/252/2 351/255/2 352/257/2
f 334/258/2 335/252/2 352/257/2
f 334/258/2 352/257/2 353/259/2
f 374/260/2 375/256/2 613/254/2
f 374/260/2 613/254/2 614/261/2
f 334/258/2 353/259/2 354/262/2
f 373/263/2 374/260/2 614/261/2
f 333/264/2 334/258/2 354/262/2
f 333/264/2 354/262/2 355/265/2
f 372/266/2 373/263/2 614/261/2
f 372/266/2 614/261/2 615/267/2
f 333/264/2 355/265/2 356/268/2
f 371/269/2 372/266/2 615/267/2
f 332/270/2 333/264/2 356/268/2
f 332/270/2 356/268/2 357/271/2
f 370/272/2 371/269/2 615/267/2
f 332/270/2 357/271/2 358/273/2
f 369/274/2 370/272/2 615/267/2
f 332/270/2 358/273/2 359/275/2
f 369/274/2 615/267/2 616/276/2
f 331/277/2 332/270/2 359/275/2
f 368/278/2 369/274/2 616/276/2
f 331/277/2 359/275/2 360/279/2
f 367/280/2 368/278/2 616/276/2
f 331/277/2 360/279/2 361/281/2
f 366/282/2 367/280/2 616/276/2
f 331/277/2 361/281/2 362/283/2
f 365/284/2 366/282/2 616/276/2
f 331/277/2 362/283/2 363/285/2
f 364/286/2 365/284/2 616/276/2
f 331/277/2 363/285/2 364/286/2
f 331/277/2 364/286/2 616/276/2
f 330/287/2 331/277/2 616/276/2
f 330/287/2 616/276/2 617/288/2
f 329/289/2 330/287/2 617/288/2
f 329/289/2 617/288/2 618/290/2
f 328/291/2 329/289/2 618/290/2
f 328/291/2 618/290/2 619/292/2
f 327/293/2 328/291/2 619/292/2
f 327/293/2 619/292/2 620/294/2
f 326/295/2 327/293/2 620/294/2
f 325/296/2 326/295/2 620/294/2
f 325/296/2 620/294/2 621/297/2
f 324/298/2 325/296/2 621/297/2
f 324/298/2 621/297/2 622/299/2
f 323/300/2 324/298/2 622/299/2
f 323/300/2 622/299/2 623/301/2
f 322/302/2 323/300/2 623/301/2
f 322/302/2 623/301/2 624/303/2
f 321/304/2 322/302/2 624/303/2
f 321/304/2 624/303/2 625/305/2
f 320/306/2 321/304/2 625/305/2
f 319/307/2 320/306/2 625/305/2
f 319/307/2 625/305/2 626/308/2
f 318/309/2 319/307/2 626/308/2
f 318/309/2 626/308/2 627/310/2
f 317/311/2 318/309/2 627/310/2
f 317/311/2 627/310/2 628/312/2
f 316/313/2 317/311/2 628/312/2
f 316/313/2 628/312/2 315/314/2
s 1
f 630/315/3 632/316/4 631/317/4 629/314/3
f 632/316/4 634/318/5 633/319/5 631/317/4
f 634/318/5 636/320/6 635/321/6 633/319/5
f 636/320/6 638/322/7 637/323/7 635/321/6
f 638/322/7 640/324/8 639/325/8 637/323/7
f 640/324/8 642/326/9 641/327/9 639/325/8
f 642/326/9 644/328/10 643/329/10 641/327/9
f 644/328/10 646/330/11 645/331/11 643/329/10
f 646/330/11 648/332/12 647/333/12 645/331/11
f 648/332/12 650/334/13 649/335/13 647/333/12
f 650/334/13 652/336/14 651/337/14 649/335/13
f 652/336/14 654/338/15 653/339/15 651/337/14
f 654/338/15 656/340/16 655/341/16 653/339/15
f 656/340/16 658/342/17 657/343/17 655/341/16
f 658/342/17 660/344/18 659/345/18 657/343/17
f 660/344/18 662/346/19 661/347/19 659/345/18
f 662/346/19 664/348/20 663/349/20 661/347/19
f 664/348/20 666/350/21 665/351/21 663/349/20
f 666/350/21 668/352/22 667/353/22 665/351/21
f 668/352/22 670/354/23 669/355/23 667/353/22
f 670/354/23 672/356/24 671/357/24 669/355/23
f 672/356/24 674/358/25 673/359/25 671/357/24
f 674/358/25 676/360/26 675/361/26 673/359/25
f 676/360/26 678/362/27 677/363/27 675/361/26
f 678/362/27 680/364/28 679/365/28 677/363/27
f 680/364/28 682/366/29 681/367/29 679/365/28
f 682/366/29 684/368/30 683/369/30 681/367/29
f 684/368/30 686/370/31 685/371/31 683/369/30
f 686/370/31 688/372/32 687/373/32 685/371/31
f 688/372/32 690/374/33 689/375/33 687/373/32
f 690/374/33 692/376/34 691/377/34 689/375/33
f 692/376/34 694/378/35 693/379/35 691/377/34
f 694/378/35 696/380/36 695/381/36 693/379/35
f 696/380/36 698/382/37 697/383/37 695/381/36
f 698/382/37 700/384/38 699/385/38 697/383/37
f 700/384/38 702/386/39 701/387/39 699/385/38
f 702/386/39 704/388/40 703/389/40 701/387/39
f 704/388/40 706/390/41 705/391/41 703/389/40
f 706/390/41 708/392/42 707/393/42 705/391/41
f 708/392/42 710/394/43 709/395/43 707/393/42
f 710/394/43 712/396/44 711/397/44 709/395/43
f 712/396/44 714/398/45 713/399/45 711/397/44
f 714/398/45 716/400/46 715/401/46 713/399/45
f 716/400/46 718/402/47 717/403/47 715/401/46
f 718/402/47 720/404/48 719/405/48 717/403/47
f 720/404/48 722/406/49 721/407/49 719/405/48
f 722/406/49 724/408/50 723/409/50 721/407/49
f 724/408/50 726/410/51 725/411/51 723/409/50
f 726/410/51 728/412/52 727/413/52 725/411/51
f 728/412/52 730/414/53 729/415/53 727/413/52
f 730/414/53 732/416/54 731/417/54 729/415/53
f 732/416/54 734/418/55 733/419/55 731/417/54
f 734/418/55 736/420/56 735/421/56 733/419/55
f 736/420/56 738/422/57 737/423/57 735/421/56
f 738/422/57 740/424/58 739/425/58 737/423/57
f 740/424/58 742/426/59 741/427/59 739/425/58
f 742/426/59 744/428/60 743/429/60 741/427/59
f 744/428/60 746/430/61 745/431/61 743/429/60
f 746/430/61 748/432/62 747/433/62 745/431/61
f 748/432/62 750/434/63 749/435/63 747/433/62
f 750/434/63 752/436/64 751/437/64 749/435/63
f 752/436/64 754/438/65 753/439/65 751/437/64
f 754/438/65 756/440/66 755/441/66 753/439/65
f 756/440/66 758/442/67 757/443/67 755/441/66
f 758/442/67 760/444/68 759/445/68 757/443/67
f 760/444/68 762/446/69 761/447/69 759/445/68
f 762/446/69 764/448/70 763/449/70 761/447/69
f 764/448/70 766/450/71 765/451/71 763/449/70
f 766/450/71 768/452/72 767/453/72 765/451/71
f 768/452/72 770/454/73 769/455/73 767/453/72
f 770/454/73 772/456/74 771/457/74 769/455/73
f 772/456/74 774/458/75 773/459/75 771/457/74
f 774/458/75 776/460/76 775/461/76 773/459/75
f 776/460/76 778/462/77 777/463/77 775/461/76
f 778/462/77 780/464/78 779/465/78 777/463/77
f 780/464/78 782/466/79 781/467/79 779/465/78
f 782/466/79 784/468/80 783/469/80 781/467/79
f 784/468/80 786/470/81 785/471/81 783/469/80
f 786/470/81 788/472/82 787/473/82 785/471/81
f 788/472/82 790/474/83 789/475/83 787/473/82
f 790/474/83 792/476/84 791/477/84 789/475/83
f 792/476/84 794/478/85 793/479/85 791/477/84
f 794/478/85 796/480/86 795/481/86 793/479/85
f 796/480/86 798/482/87 797/483/87 795/481/86
f 798/482/87 800/484/88 799/485/88 797/483/87
f 800/484/88 802/486/89 801/487/89 799/485/88
f 802/486/89 804/488/90 803/489/90 801/487/89
f 804/488/90 806/490/91 805/491/91 803/489/90
f 806/490/91 808/492/92 807/493/92 805/491/91
f 808/492/92 810/494/93 809/495/93 807/493/92
f 810/494/93 812/496/94 811/497/94 809/495/93
f 812/496/94 814/498/95 813/499/95 811/497/94
f 814/498/95 816/500/96 815/501/96 813/499/95
f 816/500/96 818/502/97 817/503/97 815/501/96
f 818/502/97 820/504/98 819/505/98 817/503/97
f 820/504/98 822/506/99 821/507/99 819/505/98
f 822/506/99 824/508/100 823/509/100 821/507/99
f 824/508/100 826/510/101 825/511/101 823/509/100
f 826/510/101 828/512/102 827/513/102 825/511/101
f 828/512/102 830/514/103 829/515/103 827/513/102
f 830/514/103 832/516/104 831/517/104 829/515/103
f 832/516/104 834/518/105 833/519/105 831/517/104
f 834/518/105 836/520/106 835/521/106 833/519/105
f 836/520/106 838/522/107 837/523/107 835/521/106
f 838/522/107 840/524/108 839/525/108 837/523/107
f 840/524/108 842/526/109 841/527/109 839/525/108
f 842/526/109 844/528/110 843/529/110 841/527/109
f 844/528/110 846/530/111 845/531/111 843/529/110
f 846/530/111 848/532/112 847/533/112 845/531/111
f 848/532/112 850/534/113 849/535/113 847/533/112
f 850/534/113 852/536/114 851/537/114 849/535/113
f 852/536/114 854/538/115 853/539/115 851/537/114
f 854/538/115 856/540/116 855/541/116 853/539/115
f 856/540/116 858/542/117 857/543/117 855/541/116
f 858/542/117 860/544/118 859/545/118 857/543/117
f 860/544/118 862/546/119 861/547/119 859/545/118
f 862/546/119 864/548/120 863/549/120 861/547/119
f 864/548/120 866/550/121 865/551/121 863/549/120
f 866/550/121 868/552/122 867/553/122 865/551/121
f 868/552/122 870/554/123 869/555/123 867/553/122
f 870/554/123 872/556/124 871/557/124 869/555/123
f 872/556/124 874/558/125 873/559/125 871/557/124
f 874/558/125 876/560/126 875/561/126 873/559/125
f 876/560/126 878/562/127 877/563/127 875/561/126
f 878/562/127 880/564/128 879/565/128 877/563/127
f 880/564/128 882/566/129 881/567/129 879/565/128
f 882/566/129 884/568/130 883/569/130 881/567/129
f 884/568/130 886/570/131 885/571/131 883/569/130
f 886/570/131 888/572/132 887/573/132 885/571/131
f 888/572/132 890/574/133 889/575/133 887/573/132
f 890/574/133 892/576/134 891/577/134 889/575/133
f 892/576/134 894/578/135 893/579/135 891/577/134
f 894/578/135 896/580/136 895/581/136 893/579/135
f 896/580/136 898/582/137 897/583/137 895/581/136
f 898/582/137 900/584/138 899/585/138 897/583/137
f 900/584/138 902/586/139 901/587/139 899/585/138
f 902/586/139 904/588/140 903/589/140 901/587/139
f 904/588/140 906/590/141 905/591/141 903/589/140
f 906/590/141 908/592/142 907/593/142 905/591/141
f 908/592/142 910/594/143 909/595/143 907/593/142
f 910/594/143 912/596/144 911/597/144 909/595/143
f 912/596/144 914/598/145 913/599/145 911/597/144
f 914/598/145 916/600/146 915/601/146 913/599/145
f 916/600/146 918/602/147 917/603/147 915/601/146
f 918/602/147 920/604/148 919/605/148 917/603/147
f 920/604/148 922/606/149 921/607/149 919/605/148
f 922/606/149 924/608/150 923/609/150 921/607/149
f 924/608/150 926/610/151 925/611/151 923/609/150
f 926/610/151 928/612/152 927/613/152 925/611/151
f 928/612/152 930/614/153 929/615/153 927/613/152
f 930/614/153 932/616/154 931/617/154 929/615/153
f 932/616/154 934/618/155 933/619/155 931/617/154
f 934/618/155 936/620/156 935/621/156 933/619/155
f 936/620/156 938/622/157 937/623/157 935/621/156
f 938/622/157 940/624/158 939/625/158 937/623/157
f 940/624/158 942/626/159 941/627/159 939/625/158
f 942/626/159 944/628/160 943/629/160 941/627/159
f 944/628/160 946/630/161 945/631/161 943/629/160
f 946/630/161 948/632/162 947/633/162 945/631/161
f 948/632/162 950/634/163 949/635/163 947/633/162
f 950/634/163 952/636/164 951/637/164 949/635/163
f 952/636/164 954/638/165 953/639/165 951/637/164
f 954/638/165 956/640/166 955/641/166 953/639/165
f 956/640/166 958/642/167 957/643/167 955/641/166
f 958/642/167 960/644/168 959/645/168 957/643/167
f 960/644/168 962/646/169 961/647/169 959/645/168
f 962/646/169 964/648/170 963/649/170 961/647/169
f 964/648/170 966/650/171 965/651/171 963/649/170
f 966/650/171 968/652/172 967/653/172 965/651/171
f 968/652/172 970/654/173 969/655/173 967/653/172
f 970/654/173 972/656/174 971/657/174 969/655/173
f 972/656/174 974/658/175 973/659/175 971/657/174
f 974/658/175 976/660/176 975/661/176 973/659/175
f 976/660/176 978/662/177 977/663/177 975/661/176
f 978/662/177 980/664/178 979/665/178 977/663/177
f 980/664/178 982/666/179 981/667/179 979/665/178
f 982/666/179 984/668/180 983/669/180 981/667/179
f 984/668/180 986/670/181 985/671/181 983/669/180
f 986/670/181 988/672/182 987/673/182 985/671/181
f 988/672/182 990/674/183 989/675/183 987/673/182
f 990/674/183 992/676/184 991/677/184 989/675/183
f 992/676/184 994/678/185 993/679/185 991/677/184
f 994/678/185 996/680/186 995/681/186 993/679/185
f 996/680/186 998/682/187 997/683/187 995/681/186
f 998/682/187 1000/684/188 999/685/188 997/683/187
f 1000/684/188 1002/686/189 1001/687/189 999/685/188
f 1002/686/189 1004/688/190 1003/689/190 1001/687/189
f 1004/688/190 1006/690/191 1005/691/191 1003/689/190
f 1006/690/191 1008/692/192 1007/693/192 1005/691/191
f 1008/692/192 1010/694/193 1009/695/193 1007/693/192
f 1010/694/193 1012/696/194 1011/697/194 1009/695/193
f 1012/696/194 1014/698/195 1013/699/195 1011/697/194
f 1014/698/195 1016/700/196 1015/701/196 1013/699/195
f 1016/700/196 1018/702/197 1017/703/197 1015/701/196
f 1018/702/197 1020/704/198 1019/705/198 1017/703/197
f 1020/704/198 1022/706/199 1021/707/199 1019/705/198
f 1022/706/199 1024/708/200 1023/709/200 1021/707/199
f 1024/708/200 1026/710/201 1025/711/201 1023/709/200
f 1026/710/201 1028/712/202 1027/713/202 1025/711/201
f 1028/712/202 1030/714/203 1029/715/203 1027/713/202
f 1030/714/203 1032/716/204 1031/717/204 1029/715/203
f 1032/716/204 1034/718/205 1033/719/205 1031/717/204
f 1034/718/205 1036/720/206 1035/721/206 1033/719/205
f 1036/720/206 1038/722/207 1037/723/207 1035/721/206
f 1038/722/207 1040/724/208 1039/725/208 1037/723/207
f 1040/724/208 1042/726/209 1041/727/209 1039/725/208
f 1042/726/209 1044/728/210 1043/729/210 1041/727/209
f 1044/728/210 1046/730/211 1045/731/211 1043/729/210
f 1046/730/211 1048/732/212 1047/733/212 1045/731/211
f 1048/732/212 1050/734/213 1049/735/213 1047/733/212
f 1050/734/213 1052/736/214 1051/737/214 1049/735/213
f 1052/736/214 1054/738/215 1053/739/215 1051/737/214
f 1054/738/215 1056/740/216 1055/741/216 1053/739/215
f 1056/740/216 1058/742/217 1057/743/217 1055/741/216
f 1058/742/217 1060/744/218 1059/745/218 1057/743/217
f 1060/744/218 1062/746/219 1061/747/219 1059/745/218
f 1062/746/219 1064/748/220 1063/749/220 1061/747/219
f 1064/748/220 1066/750/221 1065/751/221 1063/749/220
f 1066/750/221 1068/752/222 1067/753/222 1065/751/221
f 1068/752/222 1070/754/223 1069/755/223 1067/753/222
f 1070/754/223 1072/756/224 1071/757/224 1069/755/223
f 1072/756/224 1074/758/225 1073/759/225 1071/757/224
f 1074/758/225 1076/760/226 1075/761/226 1073/759/225
f 1076/760/226 1078/762/227 1077/763/227 1075/761/226
f 1078/762/227 1080/764/228 1079/765/228 1077/763/227
f 1080/764/228 1082/766/229 1081/767/229 1079/765/228
f 1082/766/229 1084/768/230 1083/769/230 1081/767/229
f 1084/768/230 1086/770/231 1085/771/231 1083/769/230
f 1086/770/231 1088/772/232 1087/773/232 1085/771/231
f 1088/772/232 1090/774/233 1089/775/233 1087/773/232
f 1090/774/233 1092/776/234 1091/777/234 1089/775/233
f 1092/776/234 1094/778/235 1093/779/235 1091/777/234
f 1094/778/235 1096/780/236 1095/781/236 1093/779/235
f 1096/780/236 1098/782/237 1097/783/237 1095/781/236
f 1098/782/237 1100/784/238 1099/785/238 1097/783/237
f 1100/784/238 1102/786/239 1101/787/239 1099/785/238
f 1102/786/239 1104/788/240 1103/789/240 1101/787/239
f 1104/788/240 1106/790/241 1105/791/241 1103/789/240
f 1106/790/241 1108/792/242 1107/793/242 1105/791/241
f 1108/792/242 1110/794/243 1109/795/243 1107/793/242
f 1110/794/243 1112/796/244 1111/797/244 1109/795/243
f 1112/796/244 1114/798/245 1113/799/245 1111/797/244
f 1114/798/245 1116/800/246 1115/801/246 1113/799/245
f 1116/800/246 1118/802/247 1117/803/247 1115/801/246
f 1118/802/247 1120/804/248 1119/805/248 1117/803/247
f 1120/804/248 1122/806/249 1121/807/249 1119/805/248
f 1122/806/249 1124/808/250 1123/809/250 1121/807/249
f 1124/808/250 1126/810/251 1125/811/251 1123/809/250
f 1126/810/251 1128/812/252 1127/813/252 1125/811/251
f 1128/812/252 1130/814/253 1129/815/253 1127/813/252
f 1130/814/253 1132/816/254 1131/817/254 1129/815/253
f 1132/816/254 1134/818/255 1133/819/255 1131/817/254
f 1134/818/255 1136/820/256 1135/821/256 1133/819/255
f 1136/820/256 1138/822/257 1137/823/257 1135/821/256
f 1138/822/257 1140/824/258 1139/825/258 1137/823/257
f 1140/824/258 1142/826/259 1141/827/259 1139/825/258
f 1142/826/259 1144/828/260 1143/829/260 1141/827/259
f 1144/828/260 1146/830/261 1145/831/261 1143/829/260
f 1146/830/261 1148/832/262 1147/833/262 1145/831/261
f 1148/832/262 1150/834/263 1149/835/263 1147/833/262
f 1150/834/263 1152/836/264 1151/837/264 1149/835/263
f 1152/836/264 1154/838/265 1153/839/265 1151/837/264
f 1154/838/265 1156/840/266 1155/841/266 1153/839/265
f 1156/840/266 1158/842/267 1157/843/267 1155/841/266
f 1158/842/267 1160/844/268 1159/845/268 1157/843/267
f 1160/844/268 1162/846/269 1161/847/269 1159/845/268
f 1162/846/269 1164/848/270 1163/849/270 1161/847/269
f 1164/848/270 1166/850/271 1165/851/271 1163/849/270
f 1166/850/271 1168/852/272 1167/853/272 1165/851/271
f 1168/852/272 1170/854/273 1169/855/273 1167/853/272
f 1170/854/273 1172/856/274 1171/857/274 1169/855/273
f 1172/856/274 1174/858/275 1173/859/275 1171/857/274
f 1174/858/275 1176/860/276 1175/861/276 1173/859/275
f 1176/860/276 1178/862/277 1177/863/277 1175/861/276
f 1178/862/277 1180/864/278 1179/865/278 1177/863/277
f 1180/864/278 1182/866/279 1181/867/279 1179/865/278
f 1182/866/279 1184/868/280 1183/869/280 1181/867/279
f 1184/868/280 1186/870/281 1185/871/281 1183/869/280
f 1186/870/281 1188/872/282 1187/873/282 1185/871/281
f 1188/872/282 1190/874/283 1189/875/283 1187/873/282
f 1190/874/283 1192/876/284 1191/877/284 1189/875/283
f 1192/876/284 1194/878/285 1193/879/285 1191/877/284
f 1194/878/285 1196/880/286 1195/881/286 1193/879/285
f 1196/880/286 1198/882/287 1197/883/287 1195/881/286
f 1198/882/287 1200/884/288 1199/885/288 1197/883/287
f 1200/884/288 1202/886/289 1201/887/289 1199/885/288
f 1202/886/289 1204/888/290 1203/889/290 1201/887/289
f 1204/888/290 1206/890/291 1205/891/291 1203/889/290
f 1206/890/291 1208/892/292 1207/893/292 1205/891/291
f 1208/892/292 1210/894/293 1209/895/293 1207/893/292
f 1210/894/293 1212/896/294 1211/897/294 1209/895/293
f 1212/896/294 1214/898/295 1213/899/295 1211/897/294
f 1214/898/295 1216/900/296 1215/901/296 1213/899/295
f 1216/900/296 1218/902/297 1217/903/297 1215/901/296
f 1218/902/297 1220/904/298 1219/905/298 1217/903/297
f 1220/904/298 1222/906/299 1221/907/299 1219/905/298
f 1222/906/299 1224/908/300 1223/909/300 1221/907/299
f 1224/908/300 1226/910/301 1225/911/301 1223/909/300
f 1226/910/301 1228/912/302 1227/913/302 1225/911/301
f 1228/912/302 1230/914/303 1229/915/303 1227/913/302
f 1230/914/303 1232/916/304 1231/917/304 1229/915/303
f 1232/916/304 1234/918/305 1233/919/305 1231/917/304
f 1234/918/305 1236/920/306 1235/921/306 1233/919/305
f 1236/920/306 1238/922/307 1237/923/307 1235/921/306
f 1238/922/307 1240/924/308 1239/925/308 1237/923/307
f 1240/924/308 1242/926/309 1241/927/309 1239/925/308
f 1242/926/309 1244/928/310 1243/929/310 1241/927/309
f 1244/928/310 1246/930/311 1245/931/311 1243/929/310
f 1246/930/311 1248/932/312 1247/933/312 1245/931/311
f 1248/932/312 1250/934/313 1249/935/313 1247/933/312
f 1250/934/313 1252/936/314 1251/937/314 1249/935/313
f 1252/936/314 1254/938/315 1253/939/315 1251/937/314
f 1254/938/315 1256/940/316 1255/941/316 1253/939/315
f 1256/940/316 630/942/3 629/312/3 1255/941/316
